,DP,EO,DP ratio,acc,acc_ci_min,acc_ci_max,f1,acc_high_risk,acc_ci_min_high_risk,acc_ci_max_high_risk,f1_high_risk,adversarial_fraction
0,0.07807630603551607,0.09673058013765978,0.877584063376413,0.6459510357815442,0.6171886255285112,0.6747134460345773,0.6445783132530121,0.743879472693032,0.7176271766005988,0.7701317687854652,0.4917408593447584,0.0
1,0.726957900754209,0.6590462143559488,0.13392445219714313,0.6073446327683616,0.5779737377448428,0.6367155277918803,0.6073414994214579,0.835216572504708,0.8129039750412991,0.857529169968117,0.5874721152458853,0.0027107617240444567
2,0.5454572276826053,0.5679695181907571,0.31276718337608267,0.5894538606403014,0.5598669440436498,0.6190407772369529,0.5890807759890666,0.8192090395480226,0.796062848316507,0.8423552307795382,0.5900669068450849,0.0027107617240444567
3,0.6525364657286692,0.8408308751229105,3.314863998534664,0.5743879472693032,0.544650517378575,0.6041253771600315,0.5743879472693032,0.7890772128060264,0.7645405601672676,0.8136138654447852,0.4922347918890075,0.0027107617240444567
4,0.21664791901012376,0.45157325467059983,1.435352622061483,0.6393596986817326,0.6104792743197421,0.668240123043723,0.6387674900865457,0.8483992467043314,0.8268295206325957,0.8699689727760671,0.5368889201875391,0.0027107617240444567
5,0.40433716277268617,0.43153883972468043,0.5033769857627549,0.6271186440677966,0.5980346529200528,0.6562026352155405,0.6227718935675536,0.8615819209039548,0.8408118245795158,0.8823520172283938,0.5060355711089947,0.0027107617240444567
6,0.6093787456895756,0.5894788593903638,0.3027828765533684,0.6384180790960452,0.6095212788810052,0.6673148793110852,0.6358024691358024,0.8615819209039548,0.8408118245795158,0.8823520172283938,0.5325410299943407,0.0027107617240444567
7,0.458879935090081,0.6891592920353983,2.209081986648139,0.6242937853107344,0.5951656617440649,0.6534219088774039,0.6241468223873805,0.8615819209039548,0.8408118245795158,0.8823520172283938,0.48847785841838826,0.0027107617240444567
8,0.5796529532169135,0.7056293018682399,2.8403981264637004,0.6101694915254238,0.5808364585990727,0.6395025244517748,0.6101639611713843,0.8483992467043314,0.8268295206325957,0.8699689727760671,0.48249216846501913,0.0027107617240444567
9,0.5454129709196187,0.6032448377581121,2.803839773614364,0.6120527306967984,0.5827455135222606,0.6413599478713363,0.6118545013253281,0.8314500941619586,0.8089348757881272,0.85396531253579,0.49924002750125784,0.0027107617240444567
10,0.43571151966659905,0.37598328416912485,0.4759908807039955,0.620527306967985,0.5913419824555224,0.6497126314804476,0.6157021342698057,0.85969868173258,0.8388106355409076,0.8805867279242524,0.4752738233801892,0.0027107617240444567
11,0.07717641852145529,0.22050147492625366,1.1189490916532139,0.6384180790960452,0.6095212788810052,0.6673148793110852,0.6316456931031119,0.8606403013182674,0.8398110695799474,0.8814695330565874,0.4625506072874494,0.0027107617240444567
12,0.7851444798908334,0.7511061946902655,8.022066827192663,0.504708097928437,0.4746373269410267,0.5347788689158471,0.4978624104243897,0.6911487758945386,0.6633609705435052,0.718936581245572,0.4538852760236045,0.0027107617240444567
13,0.5979088679488834,0.6195919370698132,4.163934426229508,0.6045197740112994,0.5751120471858788,0.63392750083672,0.5992308798159862,0.7843691148775894,0.7596342502344952,0.8091039795206837,0.4826928271962869,0.0027107617240444567
14,0.24875620055689757,0.0218780727630285,0.6426240105121495,0.667608286252354,0.6392761209810294,0.6959404515236787,0.6667143780466013,0.8625235404896422,0.8418129032889433,0.8832341776903411,0.48271858652716987,0.0027107617240444567
15,0.2121742978848955,0.03871681415929201,0.7005984907624252,0.6741996233521658,0.646011649706069,0.7023875969982626,0.6721485240741336,0.85969868173258,0.8388106355409076,0.8805867279242524,0.4688627598406299,0.0027107617240444567
16,0.7319662910988585,0.6500737463126843,6.958956344202246,0.4981167608286252,0.4680448699515377,0.5281886517057127,0.4898735511918956,0.6977401129943502,0.6701196524061943,0.7253605735825062,0.4419520595596865,0.0027107617240444567
17,0.08744398753434512,0.08763520157325472,0.8628964639893602,0.6271186440677966,0.5980346529200528,0.6562026352155405,0.6258434163701068,0.847457627118644,0.825833028345558,0.86908222589173,0.5925483843464916,0.0027107617240444567
18,0.288686864961552,0.028761061946902644,0.5335466685735738,0.6384180790960452,0.6095212788810052,0.6673148793110852,0.6377963385996015,0.8512241054613936,0.8298207405989266,0.8726274703238606,0.5715992647058824,0.0027107617240444567
19,0.26696417046229876,0.1058259587020649,0.5793492599415392,0.6779661016949152,0.6498633660908782,0.7060688372989522,0.6778735632183908,0.8549905838041432,0.8338131866692449,0.8761679809390415,0.49120209059233444,0.0027107617240444567
20,0.14215641077652175,0.009218289085545728,0.779830924772948,0.6883239171374764,0.6604664272456775,0.7161814070292754,0.6877122690747889,0.8606403013182674,0.8398110695799474,0.8814695330565874,0.4625506072874494,0.0027107617240444567
21,0.10763613564697849,0.08284169124877089,0.8497825359652058,0.6318267419962336,0.602818665299335,0.6608348186931321,0.6255961048621599,0.8502824858757062,0.8288233745129499,0.8717415972384626,0.4595419847328244,0.0027107617240444567
22,0.3115381069169632,0.41494591937069814,1.696572879902365,0.6346516007532956,0.6056904971456706,0.6636127043609207,0.6343598262202914,0.8418079096045198,0.8198600235667252,0.8637557956423144,0.4570552147239264,0.0027107617240444567
23,0.2490733740249682,0.49446902654867253,1.5549529561608941,0.6770244821092278,0.6489002417147017,0.7051487225037539,0.6770173228150971,0.852165725047081,0.8308184025028545,0.8735130475913074,0.46009150991357395,0.0027107617240444567
24,0.2590864666506851,0.4705014749262537,1.557694597705712,0.6685499058380414,0.6402379545545909,0.696861857121492,0.6683511242334772,0.8606403013182674,0.8398110695799474,0.8814695330565874,0.4625506072874494,0.0027107617240444567
25,0.2256136015784912,0.4047443461160275,1.4974466562581317,0.6949152542372882,0.6672222557315467,0.7226082527430296,0.6949152542372882,0.8606403013182674,0.8398110695799474,0.8814695330565874,0.4625506072874494,0.0027107617240444567
26,0.2191594903096129,0.0716568338249754,0.6886660484416013,0.67984934086629,0.6517900071964221,0.7079086745361579,0.6782013211320526,0.8615819209039548,0.8408118245795158,0.8823520172283938,0.46949621952255544,0.0027107617240444567
27,0.01532021612052592,0.27077187807276304,1.0264356990123205,0.7062146892655368,0.678819315822535,0.7336100627085386,0.7057095251121761,0.8606403013182674,0.8398110695799474,0.8814695330565874,0.4625506072874494,0.0027107617240444567
28,0.11234948090505081,0.3504178957718781,1.2032533344008753,0.7128060263653484,0.685593606969103,0.7400184457615938,0.71197631147213,0.8606403013182674,0.8398110695799474,0.8814695330565874,0.4625506072874494,0.0027107617240444567
29,0.139242840546571,0.2846607669616519,1.2720590884525311,0.716572504708098,0.6894677880049681,0.7436772214112278,0.7164153549576435,0.8606403013182674,0.8398110695799474,0.8814695330565874,0.4625506072874494,0.0027107617240444567
30,0.06276346604215455,0.2000983284169125,1.1046057767369242,0.696798493408663,0.6691537163480149,0.724443270469311,0.694797081167533,0.8606403013182674,0.8398110695799474,0.8814695330565874,0.4625506072874494,0.0027107617240444567
31,0.028409153773811147,0.07362340216322516,0.9511116188445256,0.7278719397363466,0.7011044302921987,0.7546394491804944,0.7276959316485008,0.8606403013182674,0.8398110695799474,0.8814695330565874,0.4625506072874494,0.0027107617240444567
32,0.17687584133950468,0.3327187807276303,1.3588375694906885,0.7109227871939736,0.6836573817723564,0.7381881926155909,0.7108097104584608,0.8606403013182674,0.8398110695799474,0.8814695330565874,0.4625506072874494,0.0027107617240444567
33,0.2570690958712128,0.4502212389380531,1.602357475565388,0.6958568738229756,0.6681879175763326,0.7235258300696186,0.6957961864778794,0.8606403013182674,0.8398110695799474,0.8814695330565874,0.4625506072874494,0.0027107617240444567
34,0.2813365542421951,0.4073254670599804,1.671611699036819,0.6826741996233522,0.6546809543138725,0.7106674449328318,0.6826266433147848,0.8606403013182674,0.8398110695799474,0.8814695330565874,0.4625506072874494,0.0027107617240444567
35,0.17122572793154955,0.25430186823992135,1.4041945622175984,0.7203389830508474,0.693344299641867,0.7473336664598279,0.7195868846454407,0.8606403013182674,0.8398110695799474,0.8814695330565874,0.4625506072874494,0.0027107617240444567
36,0.2419295948662155,0.27962143559488695,1.6509546302544358,0.687382297551789,0.6595018482575393,0.7152627468460387,0.6855982108781178,0.8615819209039548,0.8408118245795158,0.8823520172283938,0.46949621952255544,0.0027107617240444567
37,0.44939423555662095,0.4920108161258604,2.4862778103044496,0.5979284369114878,0.5684387544358273,0.6274181193871483,0.5964165789293345,0.839924670433145,0.817871238470699,0.861978102395591,0.4891977229773316,0.0027107617240444567
38,0.12701322170794227,0.010570304818092457,0.7915932925463997,0.6468926553672316,0.618147590129148,0.6756377206053152,0.6468221979232347,0.8549905838041432,0.8338131866692449,0.8761679809390415,0.4968187356166238,0.0027107617240444567
39,0.12951372881668477,0.2139872173058014,1.2797320333285538,0.628060263653484,0.5989912188675444,0.6571293084394236,0.6277430753680728,0.8502824858757062,0.8288233745129499,0.8717415972384626,0.4889208371797394,0.0027107617240444567
40,0.3780449574950672,0.31280727630285154,2.1165513860900824,0.4905838041431262,0.4605170331022145,0.5206505751840379,0.4891120803489256,0.7184557438794726,0.6914057507348393,0.7455057370241059,0.4623057970891788,0.0027107617240444567
41,0.06890777997012665,0.00172074729596855,0.879125855577264,0.632768361581921,0.6037758235003505,0.6617608996634914,0.6327670591573273,0.8173258003766478,0.7940861267941026,0.840565473959193,0.5196900323582345,0.0027107617240444567
42,0.07270279739622709,0.0585054080629302,0.8695867899813441,0.6450094161958568,0.6162297828243121,0.6737890495674016,0.64491842969966,0.8502824858757062,0.8288233745129499,0.8717415972384626,0.46571194426074936,0.0027107617240444567
43,0.17033690460823547,0.20403146509341202,1.390483517784222,0.576271186440678,0.5465510181563328,0.6059913547250232,0.5756074168797953,0.7777777777777778,0.7527734420536805,0.8027821135018751,0.46503308431163287,0.0027107617240444567
44,0.4042929060096996,0.4857423795476893,2.434223437520443,0.583804143126177,0.5541574487942446,0.6134508374581095,0.579616123115722,0.7711864406779662,0.7459217268182696,0.7964511545376627,0.4795157103701149,0.0027107617240444567
45,0.46853528554832286,0.5791543756145525,2.8365426316245985,0.5979284369114878,0.5684387544358273,0.6274181193871483,0.5938050600369941,0.8370998116760828,0.8148900842661523,0.8593095390860134,0.4722867688242306,0.0027107617240444567
46,0.06631875933541098,0.18117010816125856,1.1206659374727392,0.615819209039548,0.5865650073036335,0.6450734107754625,0.6154250333721492,0.8606403013182674,0.8398110695799474,0.8814695330565874,0.4625506072874494,0.0027107617240444567
47,0.09837909605561601,0.2847836774827925,1.1810745681023658,0.667608286252354,0.6392761209810294,0.6959404515236787,0.6671121320803471,0.8606403013182674,0.8398110695799474,0.8814695330565874,0.4625506072874494,0.0027107617240444567
48,0.03676261778753065,0.22652409046214358,1.0684582471996538,0.6911487758945386,0.6633609705435052,0.718936581245572,0.691131249002465,0.8606403013182674,0.8398110695799474,0.8814695330565874,0.4625506072874494,0.0027107617240444567
49,0.010960924966346375,0.1544985250737463,1.02023310277218,0.6685499058380414,0.6402379545545909,0.696861857121492,0.6685487303163569,0.8606403013182674,0.8398110695799474,0.8814695330565874,0.4625506072874494,0.0027107617240444567
50,0.06692360176289447,0.28220255653883974,1.1173936108271767,0.672316384180791,0.644086569698895,0.700546198662687,0.6714027107480341,0.8606403013182674,0.8398110695799474,0.8814695330565874,0.4625506072874494,0.0027107617240444567
51,0.22780062328274542,0.026179941002949847,0.6792607632271767,0.6732580037664784,0.645049045096043,0.7014669624369138,0.6714398945081281,0.8615819209039548,0.8408118245795158,0.8823520172283938,0.5374715204593464,0.0
52,0.12027512954323327,0.06133235004916421,0.8361057784121178,0.6365348399246704,0.6076056484117631,0.6654640314375777,0.6291362688900468,0.8606403013182674,0.8398110695799474,0.8814695330565874,0.46917933130699085,0.0
53,0.04374781021224805,0.27335299901671584,1.0807554054790045,0.6666666666666666,0.6383144149419538,0.6950189183913794,0.666590988907296,0.7354048964218456,0.7088742413626216,0.7619355514810696,0.5713528537263267,0.0
54,0.15781224068302935,0.31268436578171094,1.253698159072718,0.6610169491525424,0.6325468419351811,0.6894870563699037,0.6541167274622199,0.8606403013182674,0.8398110695799474,0.8814695330565874,0.46917933130699085,0.0
55,0.32907116118681884,0.30162241887905605,0.5761456645970995,0.696798493408663,0.6691537163480149,0.724443270469311,0.6937474924055711,0.8606403013182674,0.8398110695799474,0.8814695330565874,0.47563253976726805,0.0
56,0.010330266093787399,0.060103244837758196,0.9876928349539306,0.5847457627118644,0.5551087524135548,0.614382773010174,0.5463398048942087,0.8634651600753296,0.8428143085043626,0.8841160116462966,0.4893604321485063,0.0
57,0.4524663925206071,0.41273352999016716,0.42189907595455634,0.71939736346516,0.6923749516921415,0.7464197752381786,0.7184988312145761,0.8653483992467044,0.844818109878448,0.8858786886149608,0.554743091695375,0.0
58,0.46171236792122294,0.3694690265486726,0.39920624256152343,0.5866290018832392,0.5570116940229997,0.6162463097434787,0.5860119716240011,0.8549905838041432,0.8338131866692449,0.8761679809390415,0.47954429735234216,0.0
59,0.2579616072581091,0.11922320550639132,0.6190566962583738,0.4755178907721281,0.4454818570751587,0.5055539244690975,0.4750706151392824,0.7099811676082862,0.6826894840282809,0.7372728511882916,0.49598446793429685,0.0
60,0.22759409172214123,0.09058505408062928,0.6176660099376727,0.5979284369114878,0.5684387544358273,0.6274181193871483,0.5972681939084987,0.7975517890772128,0.7733843723206947,0.8217192058337309,0.5694445753938697,0.0
61,0.8350107875859779,0.7840462143559488,7.797844232270461,0.4246704331450094,0.3949415788621655,0.4543992874278533,0.4204149297538414,0.5461393596986818,0.5161955666794242,0.5760831527179393,0.39409104898084796,0.0
62,0.19467074812369767,0.051745329400196605,1.2482247491135503,0.4312617702448211,0.40147519965628087,0.4610483408333613,0.3671586424625099,0.6195856873822976,0.5903863547438618,0.6487850200207333,0.4359144263536539,0.0
63,0.15914363163620937,0.3214110127826942,1.2452820536140605,0.6167608286252354,0.5875201699815811,0.6460014872688897,0.6055550130817309,0.8606403013182674,0.8398110695799474,0.8814695330565874,0.4625506072874494,0.0
64,0.7278836047133452,0.8029744346116028,4.102054288543451,0.4689265536723164,0.438912578454587,0.4989405288900458,0.46877394636015324,0.8408662900188324,0.8188654948350713,0.8628670852025935,0.484488230816734,0.0
65,0.1319810433531874,0.10951327433628316,0.7945883271341324,0.6214689265536724,0.5922977268409397,0.650640126266405,0.6206940668479131,0.8512241054613936,0.8298207405989266,0.8726274703238606,0.6057424812030076,0.0
66,0.940965166239466,0.9217059980334317,17.597580015612802,0.4256120527306968,0.39587462283996855,0.45534948262142505,0.41867643944478944,0.551789077212806,0.5218787213180563,0.5816994331075557,0.4031340915101825,0.0
67,0.24285529882535173,0.4033923303834808,1.5449226669756124,0.6826741996233522,0.6546809543138725,0.7106674449328318,0.6826739182669928,0.8512241054613936,0.8298207405989266,0.8726274703238606,0.4779865604778497,0.0
68,0.42808460417857597,0.4856194690265487,0.5461874396437466,0.5489642184557438,0.5190366570666256,0.5788917798448621,0.5244759820633168,0.8606403013182674,0.8398110695799474,0.8814695330565874,0.4625506072874494,0.0
69,0.24148333917276732,0.032202556538839744,1.5700443136606217,0.2871939736346516,0.2599815542384062,0.314406393030897,0.28679874984364173,0.4849340866290019,0.4548756371818129,0.5149925360761909,0.37994503002001334,0.0
70,0.17870143281270168,0.2825712881022615,0.7516949456541235,0.583804143126177,0.5541574487942446,0.6134508374581095,0.5792905899561189,0.763653483992467,0.7381019731891878,0.7892049947957462,0.5883816274060176,0.0
71,0.3205517343118995,0.18657817109144545,0.5912643548432607,0.6854990583804144,0.6575730914562724,0.7134250253045563,0.6815677966101695,0.8615819209039548,0.8408118245795158,0.8823520172283938,0.4823171277643477,0.0
72,0.3212414022017739,0.372173058013766,0.6284366295116094,0.5998116760828626,0.5703448420216414,0.6292785101440838,0.5846351350729546,0.85969868173258,0.8388106355409076,0.8805867279242524,0.4622784810126582,0.0
73,0.8327500046100795,0.8484513274336283,8.344392401769452,0.455743879472693,0.42578980561664054,0.4856979533287455,0.4506765463917526,0.5602636534839924,0.5304107745726536,0.5901165323953312,0.40920932725810777,0.0
74,0.07541721219273823,0.11037364798426741,0.9036419924700427,0.6186440677966102,0.5894308435381184,0.647857292055102,0.6013820165467565,0.8606403013182674,0.8398110695799474,0.8814695330565874,0.4625506072874494,0.0
75,0.28400302421213736,0.5476892822025565,1.7452145470029223,0.6195856873822976,0.5903863547438618,0.6487850200207333,0.6186714542190306,0.556497175141243,0.5266176638255916,0.5863766864568943,0.4479024903891047,0.0
76,0.47236349554666324,0.5945181907571289,2.0598968893008167,0.524482109227872,0.4944460755309026,0.5545181429248414,0.5204817445805969,0.8361581920903954,0.8138968981952408,0.8584194859855501,0.5018439440993789,0.0
77,0.062261889394973124,0.16814159292035402,0.9363344609246249,0.480225988700565,0.45017741079703955,0.5102745666040904,0.3760175755305017,0.532015065913371,0.5020046707183521,0.5620254611083899,0.4186321365197938,0.0
78,0.3682679009386122,0.5425270403146509,1.7717825646733292,0.6101694915254238,0.5808364585990727,0.6395025244517748,0.6075962472153995,0.832391713747646,0.8099267651146078,0.8548566623806841,0.4806246703006858,0.0
79,0.0816500396466836,0.2940019665683382,1.0954839321835066,0.5169491525423728,0.4868943311776187,0.547003973907127,0.4522465386243375,0.8606403013182674,0.8398110695799474,0.8814695330565874,0.4625506072874494,0.0
80,0.2681000940456213,0.40351524090462143,0.6504239020144362,0.5065913370998116,0.4765218460373899,0.5366608281622334,0.49999281196089707,0.827683615819209,0.8049698429509052,0.8503973886875128,0.5264877508009794,0.0
81,0.8751479835512364,0.8547197640117994,11.291092028796946,0.4990583804143126,0.46898632955638997,0.5291304312722352,0.49321880650994576,0.6534839924670434,0.6248637742464016,0.6821042106876851,0.447953216374269,0.0
82,0.3232034520275129,0.27384464110127826,1.5948817160506397,0.4736346516007533,0.44360438465827473,0.5036649185432319,0.46472691206636163,0.8606403013182674,0.8398110695799474,0.8814695330565874,0.4625506072874494,0.0
83,0.8962252669236017,0.8888888888888888,11.538945268453466,0.4566854990583804,0.4267264466903119,0.4866445514264489,0.45132201368350644,0.5602636534839924,0.5304107745726536,0.5901165323953312,0.399893277576312,0.0
84,0.16622471371406444,0.06784660766961648,0.7695356043484041,0.692090395480226,0.6643260882115767,0.7198547027488753,0.6883072822004119,0.8662900188323918,0.8458205118736145,0.886759525791169,0.530848680935789,0.0
85,0.4165557174205683,0.25503933136676493,1.7168370746939319,0.4322033898305085,0.40240901376951255,0.46199776589150443,0.4074642263972871,0.8389830508474576,0.8168772525279824,0.8610888491669328,0.4619566666567908,0.0
86,0.0763281638975456,0.20390855457227136,1.1162311368703632,0.5969868173258004,0.5674858803559494,0.6264877542956514,0.5885583938302226,0.8606403013182674,0.8398110695799474,0.8814695330565874,0.4625506072874494,0.0
87,0.5100518172933302,0.6462635201573255,0.45929398333678695,0.5423728813559322,0.512408958341311,0.5723368043705535,0.524481116778207,0.8606403013182674,0.8398110695799474,0.8814695330565874,0.46917933130699085,0.0
88,0.6046469601135924,0.7599557522123894,2.929401103880056,0.5470809792843692,0.5171424887010873,0.5770194698676511,0.5470131021792626,0.7674199623352166,0.7420104355380874,0.7928294891323457,0.4904100008742023,0.0
89,0.11214663740802888,0.4464110127826941,1.194571351787154,0.4105461393596987,0.38095922276304717,0.4401330559563502,0.4070108462965606,0.588512241054614,0.5589150822042632,0.6181093999049647,0.43992952264869334,0.0
90,0.47483081008316586,0.6600294985250738,2.395914650013011,0.6271186440677966,0.5980346529200528,0.6562026352155405,0.6270538324016005,0.7015065913370998,0.6739847768125428,0.7290284058616568,0.4845473211018445,0.0
91,0.5895849084438216,0.41285644051130777,2.733270448434383,0.3568738229755179,0.32806010818346143,0.38568753776757436,0.3561745363783142,0.7617702448210922,0.7361487881303413,0.7873917015118431,0.44742443593018305,0.0
92,0.0992605432517657,0.31010324483775814,1.139140055110091,0.623352165725047,0.5942095663130378,0.6524947651370563,0.6061415220293724,0.8606403013182674,0.8398110695799474,0.8814695330565874,0.4625506072874494,0.0
93,0.7769459145475668,0.7890855457227139,5.93360655737705,0.4849340866290019,0.4548756371818129,0.5149925360761909,0.4820680757808244,0.6826741996233522,0.6546809543138725,0.7106674449328318,0.4520266473543268,0.0
94,0.005185417396595948,0.1635939036381514,1.0089720437243554,0.3747645951035782,0.34565106474472024,0.4038781254624361,0.3739630681818182,0.5951035781544256,0.5655804709752896,0.6246266853335616,0.4496268656716418,0.0
95,0.3355732172822659,0.2914208456243854,0.5838105605971897,0.6883239171374764,0.6604664272456775,0.7161814070292754,0.6832047756932784,0.8625235404896422,0.8418129032889433,0.8832341776903411,0.47635258358662613,0.0
96,0.4218112080252264,0.5437561455260571,1.9957253423643821,0.6779661016949152,0.6498633660908782,0.7060688372989522,0.6771921716408624,0.8182674199623352,0.7950743713126375,0.8414604686120329,0.49220970015583076,0.0
97,0.4846890040384296,0.3988446411012782,0.40004382541052086,0.6807909604519774,0.6527535245331519,0.7088283963708029,0.6792755553377906,0.8418079096045198,0.8198600235667252,0.8637557956423144,0.5872751499000666,0.0
98,0.09934168065057447,0.23549655850540807,1.1411229691568563,0.6195856873822976,0.5903863547438618,0.6487850200207333,0.6037972111921692,0.8606403013182674,0.8398110695799474,0.8814695330565874,0.4625506072874494,0.0
99,0.8935624850172417,0.8142822025565388,29.370608899297427,0.4435028248587571,0.4136233135431057,0.47338233617440845,0.43007695625524955,0.8060263653483992,0.7822448355145573,0.8298078951822412,0.44629822732012514,0.0
100,0.13875601615371846,0.2583579154375614,1.2440722167800864,0.5677966101694916,0.5380022341084956,0.5975909862304876,0.565010052479924,0.7787193973634652,0.7537529940375531,0.8036858006893772,0.5321173671689136,0.0
101,0.265636467572701,0.0463372664700098,0.6471147345007006,0.6892655367231638,0.6614311403993924,0.7170999330469352,0.6860183841315917,0.8587570621468926,0.8378105197587825,0.8797036045350027,0.5447530864197531,0.0
102,0.2881668479964595,0.07792527040314651,0.6106681947281878,0.7052730696798494,0.677852127446207,0.7326940119134917,0.7033728680309721,0.835216572504708,0.8129039750412991,0.857529169968117,0.51043019448447,0.0
103,0.0774161426542993,0.2456981317600787,1.1087594039501771,0.6261770244821092,0.5970782048701083,0.6552758440941101,0.6108141339194313,0.8606403013182674,0.8398110695799474,0.8814695330565874,0.4625506072874494,0.0
104,0.18064135425694738,0.0663716814159292,0.7634901856635844,0.6252354048964218,0.5961218745375638,0.6543489352552798,0.616970606465925,0.8465160075329566,0.824836822889644,0.8681951921762693,0.5521456679162688,0.0
105,0.19956480849729852,0.4451819075712881,1.3452960582991405,0.6864406779661016,0.6585374031037952,0.7143439528284081,0.682316702344496,0.8615819209039548,0.8408118245795158,0.8823520172283938,0.46949621952255544,0.0
106,0.40999465230780574,0.6170108161258603,0.557985391824352,0.5348399246704332,0.5048409135797103,0.5648389357611561,0.5115286493733823,0.8615819209039548,0.8408118245795158,0.8823520172283938,0.47599211876894365,0.0
107,0.08365634623540907,0.1029990167158309,0.8995807564092916,0.5866290018832392,0.5570116940229997,0.6162463097434787,0.5578369940146225,0.8587570621468926,0.8378105197587825,0.8797036045350027,0.4749159469971653,0.0
108,0.11345221191613342,0.015855457227138603,0.8502242108799486,0.6591337099811676,0.6306253258812675,0.6876420940810677,0.6492811268427967,0.8606403013182674,0.8398110695799474,0.8814695330565874,0.4625506072874494,0.0
109,0.5655608622692655,0.801622418879056,2.76911895340386,0.53954802259887,0.5095701343174305,0.5695259108803096,0.539544348242429,0.8022598870056498,0.7783047454800489,0.8262150285312506,0.50315014659098,0.0
110,0.07463165464972621,0.28601278269419866,1.1109861843151667,0.6760828625235404,0.6479372477226086,0.7042284773244722,0.6677688656081191,0.8465160075329566,0.824836822889644,0.8681951921762693,0.4760634997502989,0.0
111,0.3297977097125155,0.2700344149459194,0.571735080434668,0.7429378531073446,0.7166539945542697,0.7692217116604195,0.7406843922818711,0.8578154425612052,0.8368107195746244,0.8788201655477861,0.4745588885794328,0.0
112,0.7867155949768574,0.8989675516224188,4.902846896955504,0.512241054613936,0.48217796399384183,0.5423041452340301,0.5119017621067201,0.8549905838041432,0.8338131866692449,0.8761679809390415,0.46091370558375633,0.0
113,0.3720334138560548,0.3445181907571288,0.5227450145482933,0.6657250470809792,0.6373528361664955,0.694097257995463,0.6632525369273548,0.8559322033898306,0.8348120555816558,0.8770523511980053,0.5236062449607858,0.0
114,0.4248907411163768,0.3404621435594887,0.49663130483414314,0.5677966101694916,0.5380022341084956,0.5975909862304876,0.5604823839686225,0.85969868173258,0.8388106355409076,0.8805867279242524,0.4815183734989105,0.0
115,0.3883752235888547,0.6487217305801376,1.7779756056117437,0.608286252354049,0.5789278633577186,0.6376446413503793,0.6033898305084746,0.8549905838041432,0.8338131866692449,0.8761679809390415,0.49120209059233444,0.0
116,0.14184661343561555,0.23402163225172068,0.8542514570685827,0.4981167608286252,0.4680448699515377,0.5281886517057127,0.41753968588801005,0.8625235404896422,0.8418129032889433,0.8832341776903411,0.4949577861163227,0.0
117,0.2489184753545151,0.10459685349065881,0.6518431016517244,0.7448210922787194,0.718600518958783,0.7710416655986558,0.7435420359127763,0.8625235404896422,0.8418129032889433,0.8832341776903411,0.4889181884105742,0.0
118,0.6914602887753785,0.8939282202556539,3.348006862953825,0.487758945386064,0.45769585476596986,0.5178220360061582,0.48734985944288267,0.852165725047081,0.8308184025028545,0.8735130475913074,0.47837431134108993,0.0
119,0.15256043814195364,0.2912979351032448,1.2216839318538686,0.6026365348399246,0.573204823951568,0.6320682457282812,0.58515625,0.8615819209039548,0.8408118245795158,0.8823520172283938,0.46949621952255544,0.0
120,0.16403400394622802,0.25184365781710916,1.3072613348255304,0.7222222222222222,0.6952834383366038,0.7491610061078406,0.7213622291021672,0.7824858757062146,0.7576730743872669,0.8072986770251623,0.5886640409253474,0.0
121,0.07318593372549748,0.005899705014749235,0.8600208797720154,0.6365348399246704,0.6076056484117631,0.6654640314375777,0.6355926779313876,0.6902071563088512,0.6623959880529054,0.718018324564797,0.5260594206063599,0.0
122,0.18350697966032936,0.17268928220255655,0.7499422058276628,0.596045197740113,0.5665331192450694,0.6255572762351566,0.5905528369798196,0.8295668549905838,0.8069518578130954,0.8521818521680722,0.5637297067881971,0.0
123,0.09736856663408877,0.2997787610619469,1.1707984525211226,0.7693032015065914,0.7439657245524058,0.7946406784607769,0.7683252261854199,0.8615819209039548,0.8408118245795158,0.8823520172283938,0.4823171277643477,0.0
124,0.2214092090947648,0.344149459193707,1.3820512167803687,0.632768361581921,0.6037758235003505,0.6617608996634914,0.6270059977305884,0.85969868173258,0.8388106355409076,0.8805867279242524,0.4688627598406299,0.0
125,0.2261373066071659,0.2922812192723697,1.4677432889105875,0.6346516007532956,0.6056904971456706,0.6636127043609207,0.6343195896416465,0.716572504708098,0.6894677880049681,0.7436772214112278,0.49098002372630356,0.0
126,0.9182319423186855,0.9418633235004917,14.559936822613148,0.4821092278719397,0.45205638079486093,0.5121620749490186,0.47607207439938,0.748587570621469,0.7224955032488327,0.7746796379941052,0.4944074460402792,0.0
127,0.20006638514447983,0.13053097345132747,0.7629810549127898,0.5094161958568738,0.4793494248159621,0.5394829668977855,0.4846076819538822,0.8587570621468926,0.8378105197587825,0.8797036045350027,0.46200607902735563,0.0
128,0.052304117722989485,0.2063667649950836,1.0822106800844018,0.7288135593220338,0.7020751221033986,0.7555519965406691,0.7253063467942708,0.844632768361582,0.8228452638590794,0.8664202728640845,0.4808353801074297,0.0
129,0.32163233694148885,0.43375122910521147,1.7091546317980744,0.6883239171374764,0.6604664272456775,0.7161814070292754,0.6878586847552264,0.8145009416195856,0.7911227742752629,0.8378791089639084,0.5178901038126074,0.0
130,0.7284884471408286,0.900196656833825,3.855494839101396,0.519774011299435,0.48972543339590957,0.5498225892029605,0.519767198544459,0.7749529190207156,0.7498358959605471,0.8000699420808841,0.4710130278292439,0.0
131,0.06962695236865885,0.05063913470993117,0.8173011787020729,0.7372881355932204,0.7108182369151886,0.7637580342712521,0.727325182789069,0.8512241054613936,0.8298207405989266,0.8726274703238606,0.5299305244285074,0.0
132,0.05748953511958543,0.032202556538839744,0.9268419743468201,0.5894538606403014,0.5598669440436498,0.6190407772369529,0.5688795366939163,0.8606403013182674,0.8398110695799474,0.8814695330565874,0.4625506072874494,0.0
133,0.06357115196665986,0.24164208456243852,1.1065110329784407,0.7278719397363466,0.7011044302921987,0.7546394491804944,0.7261995352177384,0.864406779661017,0.8438160430698237,0.8849975162522102,0.5294928436934664,0.0
134,0.06281509893230552,0.09046214355948867,0.9074533925243294,0.6760828625235404,0.6479372477226086,0.7042284773244722,0.6721716314246026,0.8559322033898306,0.8348120555816558,0.8770523511980053,0.4611872146118721,0.0
135,0.8365855907355843,0.89515732546706,7.899114936585662,0.4821092278719397,0.45205638079486093,0.5121620749490186,0.47819328556879703,0.6807909604519774,0.6527535245331519,0.7088283963708029,0.4622704495044921,0.0
136,0.0051817293330136405,0.1863323500491642,1.007742113238738,0.6732580037664784,0.645049045096043,0.7014669624369138,0.6678914113763372,0.8606403013182674,0.8398110695799474,0.8814695330565874,0.4625506072874494,0.0
137,0.3546220656844124,0.5602261553588987,1.8248535227457945,0.64030131826742,0.6114373901666917,0.6691652463681482,0.6400140557117302,0.7109227871939736,0.6836573817723564,0.7381881926155909,0.5468748045580197,0.0
138,0.005871397222888097,0.19997541789577186,1.0099688161404652,0.7137476459510358,0.6865619352592933,0.7409333566427783,0.7131117240594875,0.8088512241054614,0.7852021633442707,0.8325002848666521,0.5623818851685325,0.0
139,0.4077707499677295,0.31796951819075714,0.5204918032786885,0.652542372881356,0.6239039500700923,0.6811807956926197,0.6453730759798488,0.85969868173258,0.8388106355409076,0.8805867279242524,0.4688627598406299,0.0
140,0.8295192609120581,0.6906342182890854,7.5843091334894615,0.416195856873823,0.38654916254189053,0.44584255120575544,0.4119727366255144,0.5706214689265536,0.5408508386209299,0.6003920992321774,0.401947272484773,0.0
141,0.40622913939036315,0.37180432645034417,2.2342368589133046,0.6544256120527306,0.6258237221450297,0.6830275019604316,0.6534962513968914,0.7523540489642184,0.7263931001956432,0.7783149977327937,0.5316824362050493,0.0
142,0.3486916594442088,0.18547197640117996,0.5001823843181206,0.7740112994350282,0.7488570811201036,0.7991655177499528,0.7739720196373336,0.8578154425612052,0.8368107195746244,0.8788201655477861,0.4807249553945839,0.0
143,0.31824669457301447,0.007128810226155358,0.543822458117688,0.7052730696798494,0.677852127446207,0.7326940119134917,0.7050824450033936,0.783427495291902,0.7586535669317174,0.8082014236520867,0.5560878446652757,0.0
144,0.18091427096203133,0.34021632251720746,1.3791437691778545,0.743879472693032,0.7176271766005988,0.7701317687854652,0.7438712972420838,0.8248587570621468,0.8019986730862428,0.8477188410380508,0.5499835969964277,0.0
145,0.4930793486879714,0.6273352999016716,2.2424816921304043,0.60075329566855,0.5712980557908702,0.6302085355462297,0.5997183819764464,0.8455743879472694,0.8238409021036367,0.867307873790902,0.4812476172321769,0.0
146,0.41817846539674347,0.5387168141592921,2.0664390583410928,0.5866290018832392,0.5570116940229997,0.6162463097434787,0.5865230520905853,0.7306967984934086,0.7040169614016356,0.7573766355851816,0.508562441752097,0.0
147,0.37897434951778564,0.14761553588987217,0.4416503203160234,0.8088512241054614,0.7852021633442707,0.8325002848666521,0.8087900216677324,0.8540489642184558,0.8328146231457053,0.8752833052912062,0.522342064714946,0.0
148,0.7235685703221524,0.7196411012782694,0.19533092442282532,0.6365348399246704,0.6076056484117631,0.6654640314375777,0.635038549883371,0.8493408662900188,0.8278263019454377,0.8708554306345999,0.5094518285852858,0.0
149,0.11797008980434825,0.07276302851524086,1.3344241385078623,0.6563088512241054,0.62774399006347,0.6848737123847408,0.6490241616754269,0.7109227871939736,0.6836573817723564,0.7381881926155909,0.5226127636520708,0.0
150,0.35491711077098964,0.37967059980334317,0.595381749839177,0.623352165725047,0.5942095663130378,0.6524947651370563,0.6092140123638504,0.8606403013182674,0.8398110695799474,0.8814695330565874,0.4819170677038697,0.0
151,0.9348687971380626,0.9456735496558505,24.74566744730679,0.4698681732580038,0.439850725291956,0.49988562122405156,0.46089669319027116,0.5527306967984934,0.5228262927705981,0.5826351008263887,0.40213687622591865,0.0
152,0.9158900219439783,0.8939282202556539,14.525352649637819,0.4585687382297552,0.4286000523814522,0.48853742407805817,0.4521446341754447,0.5141242937853108,0.48406419050468047,0.544184397065941,0.39197663735980864,0.0
153,0.9385826771653544,0.9444444444444444,16.28205128205128,0.4632768361581921,0.4332859515774627,0.4932677207389215,0.4572402044293015,0.5150659133709982,0.4850074639238091,0.5451243628181872,0.38860103626943004,0.0
154,0.34286820704788945,0.706858407079646,1.651860213998233,0.6864406779661016,0.6585374031037952,0.7143439528284081,0.681891491974112,0.8615819209039548,0.8408118245795158,0.8823520172283938,0.46949621952255544,0.0
155,0.9018384996957347,0.8989675516224188,14.31784761178585,0.4774011299435028,0.4473597576460688,0.5074425022409369,0.4705278372408267,0.5772128060263654,0.5475014342279498,0.6069241778247809,0.4069791302639155,0.0
156,0.10742960408637448,0.13938053097345132,0.8214193754061576,0.803201506591337,0.7792894486221621,0.827113564560512,0.8031622383092161,0.8050847457627118,0.781259492475824,0.8289099990495996,0.532390459518041,0.0
157,0.797458924191853,0.7675762045231072,7.028409724545556,0.4472693032015066,0.4173648991736113,0.4771737072294019,0.44261937439368404,0.5781544256120528,0.5484519608851616,0.607856890338944,0.4188697313327829,0.0
158,0.3165538733887772,0.15499016715830877,0.5906075160857973,0.7024482109227872,0.6749514048143261,0.7299450170312483,0.6993388163199483,0.8606403013182674,0.8398110695799474,0.8814695330565874,0.46917933130699085,0.0
159,0.28554094672592156,0.38360373647984264,0.5961726031827167,0.6337099811676082,0.6047331007181167,0.6626868616170998,0.6328633015268702,0.8408662900188324,0.8188654948350713,0.8628670852025935,0.5477081490553628,0.0
160,0.1410241752567814,0.31108652900688305,0.7667959601873536,0.2297551789077213,0.20445399396114639,0.2550563638542962,0.2297442517830733,0.7156308851224106,0.6884990253465859,0.7427627448982352,0.44442211751662974,0.0
161,0.949768574010216,0.9684119960668633,31.155152224824356,0.4642184557438795,0.43422345416910624,0.49421345731865274,0.4548800521053691,0.5348399246704332,0.5048409135797103,0.5648389357611561,0.40100018268176835,0.0
162,0.05860333032141474,0.21644542772861355,1.0930327868852459,0.7495291902071564,0.7234696560218948,0.7755887243924179,0.7465048080201868,0.8606403013182674,0.8398110695799474,0.8814695330565874,0.4625506072874494,0.0
163,0.43748179018606276,0.33665191740412975,2.3420335109572457,0.5225988700564972,0.49255749775906316,0.5526402423539313,0.5217401731539439,0.6129943502824858,0.5837002137434775,0.6422884868214942,0.45090732971449776,0.0
164,0.7922108097143594,0.8698377581120944,8.39785094365615,0.487758945386064,0.45769585476596986,0.5178220360061582,0.4804454804454804,0.5951035781544256,0.5655804709752896,0.6246266853335616,0.423004028080319,0.0
165,0.22884065721293034,0.3807767944936087,1.4299225364799135,0.6939736346516008,0.6662567304573368,0.7216905388458648,0.692000581821297,0.8559322033898306,0.8348120555816558,0.8770523511980053,0.47993662681837823,0.0
166,0.06616017260137569,0.00172074729596855,0.8734587060184531,0.6393596986817326,0.6104792743197421,0.668240123043723,0.6385260783670728,0.596045197740113,0.5665331192450694,0.6255572762351566,0.45306034249905464,0.0
167,0.7124638108760996,0.6085299901671584,0.18922129049046021,0.6563088512241054,0.62774399006347,0.6848737123847408,0.6555144088876803,0.8333333333333334,0.810918910272201,0.8557477563944658,0.6108480751912387,0.0
168,0.14760736875103725,0.06354473942969519,1.414737518393401,0.6638418079096046,0.6354300593353115,0.6922535564838976,0.6581529653089286,0.7448210922787194,0.718600518958783,0.7710416655986558,0.49756904013309616,0.0
169,0.14050047022810674,0.1057030481809243,0.7786158843800303,0.7005649717514124,0.6730182879456149,0.7281116555572099,0.700220496596683,0.8305084745762712,0.8079432405829744,0.853073708569568,0.5802777070287456,0.0
170,0.720577550756975,0.6778515240904621,5.085417363666778,0.5094161958568738,0.4793494248159621,0.5394829668977855,0.5064012382299021,0.5903954802259888,0.5608189178700255,0.619972042581952,0.42052309340344374,0.0
171,0.21034501834811636,0.3883972468043264,1.3533573720927352,0.6685499058380414,0.6402379545545909,0.696861857121492,0.6623418853445192,0.85969868173258,0.8388106355409076,0.8805867279242524,0.4622784810126582,0.0
172,0.2286525659702373,0.2774090462143559,0.7175206626632282,0.64030131826742,0.6114373901666917,0.6691652463681482,0.6291696069792356,0.85969868173258,0.8388106355409076,0.8805867279242524,0.4622784810126582,0.0
173,0.08708255730328796,0.013028515240904592,0.8731710461293857,0.7175141242937854,0.6904366963207763,0.7445915522667944,0.7142211314905709,0.8389830508474576,0.8168772525279824,0.8610888491669328,0.4619566666567908,0.0
174,0.7325305648269376,0.7030481809242872,5.94847775175644,0.519774011299435,0.48972543339590957,0.5498225892029605,0.5147556845670054,0.5743879472693032,0.544650517378575,0.6041253771600315,0.43604082860257903,0.0
175,0.45529882535174904,0.587881022615536,0.510804138581454,0.4463276836158192,0.4164293399126764,0.476226027318962,0.4224353211467386,0.8606403013182674,0.8398110695799474,0.8814695330565874,0.4625506072874494,0.0
176,0.12092054067012115,0.013520157325467075,0.8316128435843708,0.7184557438794726,0.6914057507348393,0.7455057370241059,0.7139696709018111,0.85969868173258,0.8388106355409076,0.8805867279242524,0.4622784810126582,0.0
177,0.4392631248962732,0.29535398230088494,0.44435839779057074,0.7099811676082862,0.6826894840282809,0.7372728511882916,0.7085661743741802,0.8606403013182674,0.8398110695799474,0.8814695330565874,0.5268348485760732,0.0
178,0.47039406959375973,0.3799164208456244,0.3965651834504294,0.6318267419962336,0.602818665299335,0.6608348186931321,0.6310412877418048,0.8192090395480226,0.796062848316507,0.8423552307795382,0.5926645091693635,0.0
179,0.5077836581902673,0.3938053097345133,0.34060813302490867,0.6883239171374764,0.6604664272456775,0.7161814070292754,0.688177661079645,0.8615819209039548,0.8408118245795158,0.8823520172283938,0.49448058571525716,0.0
180,0.31364030315882646,0.5325712881022615,1.8162360348600606,0.519774011299435,0.48972543339590957,0.5498225892029605,0.5192215511456236,0.5951035781544256,0.5655804709752896,0.6246266853335616,0.4580912508544087,0.0
181,0.6980434822696342,0.5340462143559488,3.7361580940815906,0.3775894538606403,0.34843249579095886,0.40674641193032174,0.37754475009376975,0.8568738229755178,0.8358112323731312,0.8779364135779045,0.4614604462474645,0.0
182,0.4168028176805768,0.6195919370698132,1.903309860843571,0.664783427495292,0.636391384386261,0.6931754706043229,0.6623585390946503,0.8559322033898306,0.8348120555816558,0.8770523511980053,0.485873757684872,0.0
183,0.08267532132253957,0.025442477876106206,0.8460444896193178,0.7467043314500942,0.7205476869467776,0.7728609759534107,0.7462883938205764,0.8531073446327684,0.8318163625606975,0.8743983267048393,0.48459432553509213,0.0
184,0.08623430267937815,0.08001474926253688,0.8729494612496401,0.7589453860640302,0.7332203021670867,0.7846704699609737,0.7565197455149882,0.8578154425612052,0.8368107195746244,0.8788201655477861,0.46823051899603063,0.0
185,0.13371812130041116,0.02433628318584069,0.7983111472072183,0.6713747645951036,0.6431242232284529,0.6996253059617543,0.669981648729435,0.8606403013182674,0.8398110695799474,0.8814695330565874,0.5987132352941177,0.0
186,0.7299452322558041,0.676622418879056,5.138528772164603,0.4830508474576271,0.452996026092873,0.5131056688223812,0.48017435759355137,0.6195856873822976,0.5903863547438618,0.6487850200207333,0.4359144263536539,0.0
187,0.4308949086282247,0.5653883972468043,1.943511265444561,0.5903954802259888,0.5608189178700255,0.619972042581952,0.5873657846856318,0.8455743879472694,0.8238409021036367,0.867307873790902,0.497188124299918,0.0
188,0.09410463036382744,0.026179941002949847,0.8419141791507132,0.7495291902071564,0.7234696560218948,0.7755887243924179,0.7494856550980449,0.7787193973634652,0.7537529940375531,0.8036858006893772,0.6007921134168209,0.0
189,0.03979051798853006,0.003072763028515224,1.072606261272174,0.532015065913371,0.5020046707183521,0.5620254611083899,0.5318320068334039,0.6685499058380414,0.6402379545545909,0.696861857121492,0.47766599597585513,0.0
190,0.353984030684689,0.18411996066863323,0.5393855338426691,0.7354048964218456,0.7088742413626216,0.7619355514810696,0.7336171922072705,0.85969868173258,0.8388106355409076,0.8805867279242524,0.4752738233801892,0.0
191,0.5073890353869701,0.7433628318584071,0.4910078396986951,0.5310734463276836,0.5010594711099542,0.561087421545413,0.5001871193821659,0.8606403013182674,0.8398110695799474,0.8814695330565874,0.46917933130699085,0.0
192,0.3438049751977725,0.0463372664700098,0.48991551576966,0.6958568738229756,0.6681879175763326,0.7235258300696186,0.6958350291683625,0.8427495291902072,0.8208548266402093,0.8646442317402051,0.5714213218822721,0.0
193,0.39011598959966065,0.5462143559488692,2.0070067211210754,0.67984934086629,0.6517900071964221,0.7079086745361579,0.67984934086629,0.7344632768361582,0.7079024768309505,0.7610240768413659,0.5220338983050847,0.0
194,0.26959744786000117,0.2885939036381514,0.6829733714979616,0.608286252354049,0.5789278633577186,0.6376446413503793,0.5923465320223226,0.8606403013182674,0.8398110695799474,0.8814695330565874,0.46917933130699085,0.0
195,0.05518818344428256,0.0331858407079646,0.9301902460415947,0.4971751412429379,0.4671035170024669,0.5272467654834089,0.47058625840179236,0.8606403013182674,0.8398110695799474,0.8814695330565874,0.4625506072874494,0.0
196,0.031319035940179596,0.20489183874139624,1.0887838742054199,0.7212806026365348,0.6943137950374465,0.7482474102356231,0.7120643667379899,0.8173258003766478,0.7940861267941026,0.840565473959193,0.5960615471485037,0.0
197,0.6174519168710468,0.811701081612586,4.322728535704362,0.5451977401129944,0.5152487526882138,0.575146727537775,0.5396098388464801,0.652542372881356,0.6239039500700923,0.6811807956926197,0.4839602578368306,0.0
198,0.0016338121669217665,0.17256637168141592,0.9964711880068187,0.5207156308851224,0.4906693479130277,0.5507619138572172,0.5174774051014259,0.7212806026365348,0.6943137950374465,0.7482474102356231,0.5197066462948816,0.0
199,0.8610964613029929,0.7083333333333334,0.058870476889155816,0.6045197740112994,0.5751120471858788,0.63392750083672,0.6042825914149443,0.7080979284369114,0.6807541161839166,0.7354417406899063,0.5888142282616842,0.0
200,0.02816205351380252,0.2834316617502458,1.0522891929276743,0.6704331450094162,0.6421620054011501,0.6987042846176823,0.6704226251276812,0.763653483992467,0.7381019731891878,0.7892049947957462,0.5883816274060176,0.0
201,0.3650851020671596,0.38200589970501475,2.2074429156908666,0.6619585687382298,0.6335077883696646,0.690409349106795,0.6588731822236618,0.8163841807909604,0.7930981133644089,0.8396702482175119,0.5190876389569434,0.0
202,0.39569602979955376,0.3014995083579154,0.5102008208134179,0.6902071563088512,0.6623959880529054,0.718018324564797,0.6867854808910261,0.8587570621468926,0.8378105197587825,0.8797036045350027,0.4685464930073663,0.0
203,0.12426192627560895,0.01573254670599805,1.2348402475744396,0.4774011299435028,0.4473597576460688,0.5074425022409369,0.4767660178876584,0.6544256120527306,0.6258237221450297,0.6830275019604316,0.45045859270904565,0.0
204,0.26963432849582325,0.20931661750245822,0.6469736111446438,0.655367231638418,0.6267837940039769,0.6839506692728592,0.6510593220338983,0.8615819209039548,0.8408118245795158,0.8823520172283938,0.47599211876894365,0.0
205,0.1701340611112136,0.10176991150442483,1.3699833178274679,0.4548022598870056,0.42485327246222504,0.4847512473117862,0.45466252200557844,0.5866290018832392,0.5570116940229997,0.6162463097434787,0.42182041408560744,0.0
206,0.10266093787456898,0.04842674532940017,0.7950009573888324,0.7005649717514124,0.6730182879456149,0.7281116555572099,0.6983989197530864,0.8116760828625236,0.7881614649139601,0.835190700811087,0.5959426862582466,0.0
207,0.3751424514558631,0.19800884955752213,0.5177824763674634,0.7306967984934086,0.7040169614016356,0.7573766355851816,0.7288349254530846,0.8625235404896422,0.8418129032889433,0.8832341776903411,0.4889181884105742,0.0
208,0.5466226557745855,0.8054326450344149,2.5922265431966136,0.6195856873822976,0.5903863547438618,0.6487850200207333,0.6194507221644712,0.7768361581920904,0.7517940756031907,0.8018782407809901,0.4923671743115935,0.0
209,0.9866344575780487,1.0,90.50184008029441,0.4661016949152542,0.43609878174358646,0.49610460808692197,0.4559598272165548,0.6657250470809792,0.6373528361664955,0.694097257995463,0.45011733922192937,0.0
210,0.32308912205646423,0.24360865290068834,0.4832201700104413,0.704331450094162,0.6768850797458879,0.7317778204424361,0.703620882734593,0.839924670433145,0.817871238470699,0.861978102395591,0.5977882139069838,0.0
211,0.5536557930258718,0.4101524090462143,0.3403913160010721,0.7128060263653484,0.685593606969103,0.7400184457615938,0.7112882883284384,0.82015065913371,0.7970515592205276,0.8432497590468924,0.4931927492598099,0.0
212,0.8994154419222187,0.8939282202556539,12.655689910624671,0.4595103578154426,0.4295370168949338,0.4894836987359514,0.4534313637586299,0.5348399246704332,0.5048409135797103,0.5648389357611561,0.39254418466782764,0.0
213,0.12591786682402406,0.01573254670599805,1.2430329648427212,0.6685499058380414,0.6402379545545909,0.696861857121492,0.6683511242334772,0.835216572504708,0.8129039750412991,0.857529169968117,0.5545248624743825,0.0
214,0.6021427649412676,0.7688053097345132,2.812135809183436,0.615819209039548,0.5865650073036335,0.6450734107754625,0.6154700839530716,0.711864406779661,0.6846254226136934,0.7391033909456286,0.4859892317328559,0.0
215,0.5234911209869257,0.5325712881022616,0.32980471405907685,0.5348399246704332,0.5048409135797103,0.5648389357611561,0.5345163522793818,0.7589453860640302,0.7332203021670867,0.7846704699609737,0.5559968643846355,0.0
216,0.11522248243559718,0.34279744346116026,1.2880562060889928,0.6591337099811676,0.6306253258812675,0.6876420940810677,0.6558331572709011,0.751412429378531,0.725418453873695,0.7774064048833671,0.576943505552873,0.0
217,0.27516642386914747,0.18276794493608656,0.6434067772307986,0.6836158192090396,0.6556448673820832,0.711586771035996,0.6792429085600664,0.8606403013182674,0.8398110695799474,0.8814695330565874,0.47563253976726805,0.0
218,0.19020819118921606,0.07669616519174038,0.7267371008933208,0.67984934086629,0.6517900071964221,0.7079086745361579,0.6780222641522894,0.8606403013182674,0.8398110695799474,0.8814695330565874,0.49400569169553293,0.0
219,0.8878681148463,0.8105948869223205,0.057196901459196536,0.5790960451977402,0.5494025982274843,0.608789492167996,0.5784048774639319,0.7871939736346516,0.7625774537963398,0.8118104934729634,0.6134449991947173,0.0
220,0.41192719762488705,0.3747541789577188,0.47789666568502337,0.6892655367231638,0.6614311403993924,0.7170999330469352,0.6873092859666592,0.8568738229755178,0.8358112323731312,0.8779364135779045,0.5192051086542128,0.0
221,0.9464972616127902,0.9027777777777778,0.0049242365494672515,0.5649717514124294,0.5351546165791525,0.5947888862457062,0.5646691391762639,0.8531073446327684,0.8318163625606975,0.8743983267048393,0.47278513238289205,0.0
222,0.5572885356543547,0.4392822025565388,0.31017890810815746,0.6440677966101694,0.6152710617978348,0.6728645314225041,0.6435102301790281,0.8540489642184558,0.8328146231457053,0.8752833052912062,0.5411120248665375,0.0
223,0.40663851444798904,0.30911996066863323,0.4976352982986906,0.7080979284369114,0.6807541161839166,0.7354417406899063,0.7050475729721013,0.8606403013182674,0.8398110695799474,0.8814695330565874,0.47563253976726805,0.0
224,0.3856423684744325,0.341937069813176,0.529071338497568,0.6412429378531074,0.6123956266284193,0.6700902490777955,0.6360380133397499,0.85969868173258,0.8388106355409076,0.8805867279242524,0.4688627598406299,0.0
225,0.5573254162901768,0.7485250737463126,2.9994442900805782,0.6045197740112994,0.5751120471858788,0.63392750083672,0.603839745343314,0.7382297551789078,0.7117904690080576,0.7646690413497579,0.4911864663831078,0.0
226,0.012661122277748071,0.10263028515240905,0.9776049787009191,0.788135593220339,0.763558909287692,0.812712277152986,0.7880812909348103,0.8615819209039548,0.8408118245795158,0.8823520172283938,0.46949621952255544,0.0
227,0.0012760699994467384,0.1671583087512291,0.9978843225857736,0.7419962335216572,0.7156809722429627,0.7683114948003518,0.7411138790035587,0.85969868173258,0.8388106355409076,0.8805867279242524,0.4752738233801892,0.0
228,0.020819118921610258,0.23549655850540807,0.9656619726877337,0.6450094161958568,0.6162297828243121,0.6737890495674016,0.6439838341803049,0.8540489642184558,0.8328146231457053,0.8752833052912062,0.5955955513299578,0.0
229,0.9316380534400412,0.9456735496558505,18.926974664679584,0.4755178907721281,0.4454818570751587,0.5055539244690975,0.46814970792622673,0.5480225988700564,0.5180895188106134,0.5779556789294995,0.4040404040404041,0.0
230,0.28751774880598946,0.15511307767944937,0.5673607334317458,0.756120527306968,0.7302933495907448,0.7819477050231912,0.7561151213093591,0.8615819209039548,0.8408118245795158,0.8823520172283938,0.5422883530015392,0.0
231,0.3604823987165539,0.23094886922320548,0.4901863626169004,0.7297551789077212,0.7030459656403504,0.7564643921750921,0.7296686513233459,0.85969868173258,0.8388106355409076,0.8805867279242524,0.4688627598406299,0.0
232,0.3848346825499272,0.38999508357915436,0.5282431980324251,0.6760828625235404,0.6479372477226086,0.7042284773244722,0.6716058349543537,0.8615819209039548,0.8408118245795158,0.8823520172283938,0.47599211876894365,0.0
233,0.1470320308322115,0.2872418879056047,1.2431389051522248,0.6939736346516008,0.6662567304573368,0.7216905388458648,0.6895337384131724,0.85969868173258,0.8388106355409076,0.8805867279242524,0.4688627598406299,0.0
234,0.09645023880211695,0.12659783677482794,1.3077683499464536,0.6986817325800376,0.6710857261137849,0.7262777390462903,0.6871375070427204,0.7146892655367232,0.6875304079089115,0.7418481231645349,0.5635136913183192,0.0
235,0.3973114016485644,0.44051130776794495,0.5120063055186879,0.7071563088512242,0.679786645269131,0.7345259724333173,0.7035583020315845,0.8615819209039548,0.8408118245795158,0.8823520172283938,0.47599211876894365,0.0
236,0.08436445444319463,0.21152900688298926,1.1339285714285714,0.6242937853107344,0.5951656617440649,0.6534219088774039,0.618842958851864,0.8493408662900188,0.8278263019454377,0.8708554306345999,0.4829097283085013,0.0
237,0.6537867192830404,0.9140855457227139,3.0552206274491613,0.5998116760828626,0.5703448420216414,0.6292785101440838,0.599271257001766,0.8465160075329566,0.824836822889644,0.8681951921762693,0.5126561431068994,0.0
238,0.6327094359106751,0.650196656833825,2.9889628307093,0.4764595103578154,0.44642075385605695,0.5064982668595739,0.4760414004600051,0.7871939736346516,0.7625774537963398,0.8118104934729634,0.5143698859635634,0.0
239,0.02310203027900204,0.08062930186823991,1.0270161864220373,0.4858757062146893,0.455815602934059,0.5159358094953196,0.42716183054678514,0.8606403013182674,0.8398110695799474,0.8814695330565874,0.4625506072874494,0.0
240,0.39011230153607845,0.6600294985250738,1.8148727351164797,0.6544256120527306,0.6258237221450297,0.6830275019604316,0.6515184163585725,0.8531073446327684,0.8318163625606975,0.8743983267048393,0.4958369851007888,0.0
241,0.19242471740212796,0.12573746312684364,0.67416081186573,0.5094161958568738,0.4793494248159621,0.5394829668977855,0.5089420504013739,0.6581920903954802,0.6296647557562417,0.6867194250347187,0.5107512484850023,0.0
242,0.5606336093234248,0.6891592920353983,2.6108703254315597,0.6186440677966102,0.5894308435381184,0.647857292055102,0.6183188494280241,0.7551789077212806,0.7293180363378913,0.7810397791046699,0.48678487788558045,0.0
243,0.8582677165354331,0.8055555555555556,7.055555555555555,0.4472693032015066,0.4173648991736113,0.4771737072294019,0.44543968942900375,0.5084745762711864,0.47840679186016866,0.5385423606822042,0.38360167230030245,0.0
244,0.08117427944457767,0.160889872173058,1.1272732529563132,0.6930320150659134,0.6652913414006315,0.7207726887311953,0.6880658228578018,0.8606403013182674,0.8398110695799474,0.8814695330565874,0.4625506072874494,0.0
245,0.06979660329344073,0.027040314650934094,0.8802139375909869,0.6374764595103578,0.6085634036458892,0.6663895153748264,0.6374375622382447,0.8182674199623352,0.7950743713126375,0.8414604686120329,0.5640162255409754,0.0
246,0.18320455844658767,0.4304326450344149,1.2423643637782982,0.5621468926553672,0.5323079837745215,0.5919858015362129,0.5233462189983928,0.85969868173258,0.8388106355409076,0.8805867279242524,0.4688627598406299,0.0
247,0.12910435375905882,0.3049410029498525,1.2146106404110009,0.7419962335216572,0.7156809722429627,0.7683114948003518,0.7388808924719219,0.8578154425612052,0.8368107195746244,0.8788201655477861,0.4745588885794328,0.0
248,0.30242121374172487,0.24975417895771876,0.6040464521113499,0.7344632768361582,0.7079024768309505,0.7610240768413659,0.7318921280397627,0.85969868173258,0.8388106355409076,0.8805867279242524,0.4688627598406299,0.0
249,0.2566670969407513,0.38569321533923306,1.6707144302772718,0.7156308851224106,0.6884990253465859,0.7427627448982352,0.7146583629893238,0.82015065913371,0.7970515592205276,0.8432497590468924,0.5934989328550386,0.0
250,0.9389477954599936,0.9026548672566371,50.685987509758,0.4868173258003766,0.45675567546760626,0.5168789761331469,0.47535113919116745,0.5932203389830508,0.5636755124548585,0.6227651655112432,0.4269927309969275,0.0
251,0.4161979752530933,0.6221730580137659,1.943877551020408,0.6572504708097928,0.6287043105659805,0.6857966310536051,0.6558394615480494,0.8531073446327684,0.8318163625606975,0.8743983267048393,0.5117241379310346,0.0
252,0.9066846152427668,0.8800393313667649,19.572410667069576,0.4529190207156309,0.42298053013234904,0.48285751129891274,0.44338367359089526,0.536723163841808,0.5067322792610786,0.5667140484225374,0.39500351995257327,0.0
253,0.8960629921259843,0.8888888888888888,9.621212121212121,0.4604519774011299,0.4304740891196904,0.49042986568256947,0.4569733334880097,0.4830508474576271,0.452996026092873,0.5131056688223812,0.38336462139680494,0.0
254,0.40873702262627004,0.2611848574237955,0.47671772304902926,0.6864406779661016,0.6585374031037952,0.7143439528284081,0.6847836066012132,0.8615819209039548,0.8408118245795158,0.8823520172283938,0.47599211876894365,0.0
255,0.3143336591122831,0.21816617502458213,0.6007962529274005,0.7080979284369114,0.6807541161839166,0.7354417406899063,0.7040633977786328,0.85969868173258,0.8388106355409076,0.8805867279242524,0.4752738233801892,0.0
256,0.2493905474930388,0.5539577187807276,1.4200610017455693,0.660075329566855,0.6315860211903707,0.6885646379433393,0.6522810941415593,0.8615819209039548,0.8408118245795158,0.8823520172283938,0.47599211876894365,0.0
257,0.42634383816777,0.5049164208456245,0.48725693705201906,0.6657250470809792,0.6373528361664955,0.694097257995463,0.6611800865450722,0.8606403013182674,0.8398110695799474,0.8814695330565874,0.47563253976726805,0.0
258,0.4924339375610835,0.19788593903638152,2.2921303733524296,0.3964218455743879,0.36700206976423155,0.4258416213845443,0.3956883197585388,0.748587570621469,0.7224955032488327,0.7746796379941052,0.4524747867761637,0.0
259,0.023433956001401413,0.2745821042281219,1.0369244716151114,0.7871939736346516,0.7625774537963398,0.8118104934729634,0.7850525878374506,0.85969868173258,0.8388106355409076,0.8805867279242524,0.4622784810126582,0.0
260,0.021667373545519952,0.026917404129793487,0.9647210712784483,0.6826741996233522,0.6546809543138725,0.7106674449328318,0.6814810002322852,0.8361581920903954,0.8138968981952408,0.8584194859855501,0.6082875457875458,0.0
261,0.289490862822475,0.48942969518190754,1.616868113732455,0.6986817325800376,0.6710857261137849,0.7262777390462903,0.6981636154996678,0.8578154425612052,0.8368107195746244,0.8788201655477861,0.48673484084689617,0.0
262,0.9386232458647588,0.9911504424778761,17.556271142336715,0.4736346516007533,0.44360438465827473,0.5036649185432319,0.4671674946484107,0.5386064030131826,0.5086240750330784,0.5685887309932869,0.4044823466402999,0.0
263,0.6920319386306221,0.7057522123893806,0.19810167695174274,0.6111111111111112,0.5817909285250557,0.6404312936971667,0.6104725154196955,0.8333333333333334,0.810918910272201,0.8557477563944658,0.5381962102284034,0.0
264,0.20761216323369414,0.09562438544739427,0.7127805584893339,0.7297551789077212,0.7030459656403504,0.7564643921750921,0.727288588574348,0.85969868173258,0.8388106355409076,0.8805867279242524,0.4688627598406299,0.0
265,0.052676612144793356,0.012905604719764013,0.9105624365990808,0.7448210922787194,0.718600518958783,0.7710416655986558,0.7446796052940909,0.8568738229755178,0.8358112323731312,0.8779364135779045,0.5033535572319923,0.0
266,0.3466742886647366,0.5438790560471976,0.5286120486036237,0.5470809792843692,0.5171424887010873,0.5770194698676511,0.5458629343921111,0.803201506591337,0.7792894486221621,0.827113564560512,0.5374130661770375,0.0
267,0.03874310793118069,0.02949852507374634,0.9243019275806162,0.6694915254237288,0.6411999159360035,0.6977831349114542,0.6687275548481528,0.6883239171374764,0.6604664272456775,0.7161814070292754,0.5443271306072449,0.0
268,0.7735160154161057,0.7007128810226155,0.13827601791363656,0.6224105461393596,0.5932535880696782,0.6515675042090411,0.6217313795556834,0.7900188323917138,0.7655224073929585,0.814515257390469,0.6048388576958694,0.0
269,0.2811337107451733,0.2824483775811209,1.6353021577337545,0.4538606403013183,0.42391684728206075,0.4838044333205758,0.45379090183559456,0.5291902071563088,0.49916939367910695,0.5592110206335107,0.41929133858267714,0.0
270,0.0027254789872577234,0.35558013765978363,0.9945404442999727,0.660075329566855,0.6315860211903707,0.6885646379433393,0.6593501403447354,0.6892655367231638,0.6614311403993924,0.7170999330469352,0.5505447941888619,0.0
271,0.37302919102325327,0.7082104228121927,1.6672493980275094,0.6826741996233522,0.6546809543138725,0.7106674449328318,0.6738171686782675,0.8606403013182674,0.8398110695799474,0.8814695330565874,0.4625506072874494,0.0
272,0.7156502978111343,0.7636430678466077,4.495676454692848,0.5451977401129944,0.5152487526882138,0.575146727537775,0.5439746305850097,0.591337099811676,0.5617710038010459,0.6209031958223061,0.4474055246499137,0.0
273,0.3603238119825185,0.20427728613569324,0.5377664230123247,0.6949152542372882,0.6672222557315467,0.7226082527430296,0.6924017635889679,0.8549905838041432,0.8338131866692449,0.8761679809390415,0.5326131687242799,0.0
274,0.07630234745247,0.10176991150442477,0.8916062849388849,0.6638418079096046,0.6354300593353115,0.6922535564838976,0.6581529653089286,0.8418079096045198,0.8198600235667252,0.8637557956423144,0.5050434435234196,0.0
275,0.9252982721422117,0.9911504424778761,15.68911007025761,0.4915254237288136,0.4614576393177958,0.5215932081398313,0.48538570049210866,0.6666666666666666,0.6383144149419538,0.6950189183913794,0.4527271350961063,0.0
276,0.4002987331501595,0.3103490658800393,0.49863965374684166,0.7015065913370998,0.6739847768125428,0.7290284058616568,0.6988899353602679,0.8587570621468926,0.8378105197587825,0.8797036045350027,0.4749159469971653,0.0
277,0.034457578048645465,0.11787118977384464,1.0552539445982068,0.7259887005649718,0.6991634998764068,0.7528139012535368,0.7235866599048516,0.8455743879472694,0.8238409021036367,0.867307873790902,0.5168281234395287,0.0
278,0.8570174629810617,0.6855948869223205,0.04189068839265099,0.5969868173258004,0.5674858803559494,0.6264877542956514,0.5969739530132789,0.7504708097928436,0.724443972690689,0.7764976468949982,0.614311968347899,0.0
279,0.4167622489811724,0.6613815142576205,1.8940676625102855,0.6374764595103578,0.6085634036458892,0.6663895153748264,0.6345521482920831,0.8606403013182674,0.8398110695799474,0.8814695330565874,0.5164232004627294,0.0
280,0.6679673237566616,0.5566617502458211,0.2398579738611468,0.6308851224105462,0.6018616259239127,0.6599086188971797,0.6292744785136213,0.85969868173258,0.8388106355409076,0.8805867279242524,0.4688627598406299,0.0
281,0.3269320843091335,0.33689773844641097,0.5913348946135831,0.6610169491525424,0.6325468419351811,0.6894870563699037,0.6556978440590047,0.8653483992467044,0.844818109878448,0.8858786886149608,0.5139276969609679,0.0
282,0.9670102712570765,0.9545231071779744,41.9367681498829,0.4670433145009416,0.4370366066414213,0.4970500223604619,0.45761763654935195,0.5282485875706214,0.49822451578336785,0.558272659357875,0.3932072218173607,0.0
283,0.517999594313006,0.4451819075712881,3.3328350524025447,0.5866290018832392,0.5570116940229997,0.6162463097434787,0.5811922892769782,0.6167608286252354,0.5875201699815811,0.6460014872688897,0.45306428203567584,0.0
284,0.06999944679046266,0.004178957718780685,0.8845463669819642,0.7250470809792844,0.6981932602981712,0.7519009016603976,0.7247307704598472,0.8408662900188324,0.8188654948350713,0.8628670852025935,0.47919876733436056,0.0
285,0.5385900532925187,0.5425270403146509,2.932229852207624,0.5235404896421846,0.4935017331404261,0.553579246143943,0.5223954352347264,0.5499058380414312,0.5199839035289618,0.5798277725539006,0.42172413321729146,0.0
286,0.018432941783916412,0.12672074729596855,0.963873709775349,0.6534839924670434,0.6248637742464016,0.6821042106876851,0.652888157824618,0.7749529190207156,0.7498358959605471,0.8000699420808841,0.5295790049207216,0.0
287,0.39932877242803666,0.27384464110127826,0.4856515811525288,0.743879472693032,0.7176271766005988,0.7701317687854652,0.742561056905642,0.8615819209039548,0.8408118245795158,0.8823520172283938,0.4823171277643477,0.0
288,0.38245219347581555,0.42404129793510326,0.5284327323162274,0.7062146892655368,0.678819315822535,0.7336100627085386,0.7024152090271266,0.8615819209039548,0.8408118245795158,0.8823520172283938,0.47599211876894365,0.0
289,0.502782643972782,0.5792772861356932,0.45048712749962716,0.6129943502824858,0.5837002137434775,0.6422884868214942,0.601678403873689,0.85969868173258,0.8388106355409076,0.8805867279242524,0.4622784810126582,0.0
290,0.02562835383282014,0.027163225172074756,0.9639955648587594,0.6751412429378532,0.6469743838177735,0.7033081020579328,0.6669045551863486,0.8549905838041432,0.8338131866692449,0.8761679809390415,0.49120209059233444,0.0
291,0.4731306127717642,0.4178957718780727,2.0578800672889797,0.3794726930320151,0.35028736851955244,0.4086580175444777,0.3740330201968976,0.8408662900188324,0.8188654948350713,0.8628670852025935,0.4567774936061381,0.0
292,0.4073650629736857,0.3306293018682399,0.4927905588464894,0.7504708097928436,0.724443972690689,0.7764976468949982,0.748193296070391,0.8587570621468926,0.8378105197587825,0.8797036045350027,0.49306262729124234,0.0
293,0.15902561360157852,0.44899213372664704,1.2781853020303096,0.6864406779661016,0.6585374031037952,0.7143439528284081,0.6838028137531461,0.85969868173258,0.8388106355409076,0.8805867279242524,0.4876027705549205,0.0
294,0.3050766195209205,0.4363323500491642,1.6457455113192818,0.6440677966101694,0.6152710617978348,0.6728645314225041,0.6431451612903225,0.8314500941619586,0.8089348757881272,0.85396531253579,0.5209453176385204,0.0
295,0.7209426690516145,0.7107915437561455,0.16763891845859058,0.5894538606403014,0.5598669440436498,0.6190407772369529,0.5890326337016103,0.7947269303201506,0.7704346230200604,0.8190192376202409,0.612758839862175,0.0
296,0.04016301241033393,0.09513274336283184,0.9406895049289254,0.7156308851224106,0.6884990253465859,0.7427627448982352,0.7117004713843454,0.85969868173258,0.8388106355409076,0.8805867279242524,0.4622784810126582,0.0
297,0.5080160061959468,0.3573008849557522,2.0681793507762456,0.3879472693032015,0.3586400521286636,0.4172544864777394,0.3764835950964134,0.8606403013182674,0.8398110695799474,0.8814695330565874,0.4625506072874494,0.0
298,0.9228346456692913,0.9722222222222222,12.959183673469388,0.4689265536723164,0.438912578454587,0.4989405288900458,0.46398195876288656,0.5414312617702448,0.5114625759219419,0.5713999476185477,0.40327647933653543,0.0
299,0.25977982260414173,0.09193706981317601,0.632605373377216,0.743879472693032,0.7176271766005988,0.7701317687854652,0.7430035587188613,0.8625235404896422,0.8418129032889433,0.8832341776903411,0.5065809572301425,0.0
300,0.35919526452636036,0.31538839724680434,0.5671935617187118,0.6308851224105462,0.6018616259239127,0.6599086188971797,0.6233715476810839,0.8578154425612052,0.8368107195746244,0.8788201655477861,0.46823051899603063,0.0
301,0.9294584078629515,0.8661504424778761,0.03875229805704521,0.5668549905838042,0.5370529187142739,0.5966570624533345,0.5658140320315694,0.699623352165725,0.6720519378370458,0.7271947664944043,0.5833619267933634,0.0
302,0.9582880008851352,0.9027777777777778,25.340515222482434,0.4472693032015066,0.4173648991736113,0.4771737072294019,0.4392501675339453,0.512241054613936,0.48217796399384183,0.5423041452340301,0.38570216187243167,0.0
303,0.2678972505485995,0.22320550639134706,0.6395873853848291,0.7542372881355932,0.7283428907870221,0.7801316854841643,0.7521697729416551,0.8615819209039548,0.8408118245795158,0.8823520172283938,0.46949621952255544,0.0
304,0.2655958988732966,0.20931661750245822,0.6449402194009614,0.7015065913370998,0.6739847768125428,0.7290284058616568,0.698672168344171,0.8606403013182674,0.8398110695799474,0.8814695330565874,0.49982179226069245,0.0
305,0.17033321654465328,0.13950344149459193,1.3228704253906114,0.5527306967984934,0.5228262927705981,0.5826351008263887,0.5515278458134153,0.6506591337099812,0.6219846719434585,0.6793335954765038,0.4954662623587729,0.0
306,0.12407014696933372,0.1269665683382497,0.8279813464508146,0.596045197740113,0.5665331192450694,0.6255572762351566,0.5894104192520135,0.8587570621468926,0.8378105197587825,0.8797036045350027,0.4685464930073663,0.0
307,0.9520699256855188,0.9684119960668633,27.285408817839325,0.4774011299435028,0.4473597576460688,0.5074425022409369,0.4690741382960037,0.6694915254237288,0.6411999159360035,0.6977831349114542,0.45204863270139045,0.0
308,0.04177838425934455,0.01806784660766958,0.9388726405422032,0.6779661016949152,0.6498633660908782,0.7060688372989522,0.6730672293112885,0.8606403013182674,0.8398110695799474,0.8814695330565874,0.4819170677038697,0.0
309,0.837109295764259,0.9128564405113078,6.537129195940671,0.5028248587570622,0.4727532345165912,0.5328964829975331,0.5012328284607256,0.6892655367231638,0.6614311403993924,0.7170999330469352,0.4599833585010324,0.0
310,0.3102399085360231,0.6045968534906587,1.5184272155799334,0.60075329566855,0.5712980557908702,0.6302085355462297,0.587551660462526,0.8606403013182674,0.8398110695799474,0.8814695330565874,0.4625506072874494,0.0
311,0.2647365800586402,0.41998525073746307,1.4958930039446505,0.7212806026365348,0.6943137950374465,0.7482474102356231,0.7186855670103093,0.8606403013182674,0.8398110695799474,0.8814695330565874,0.4819170677038697,0.0
312,0.22679378192480038,0.20550639134709928,0.7072885131661621,0.6666666666666666,0.6383144149419538,0.6950189183913794,0.6600647413060383,0.8587570621468926,0.8378105197587825,0.8797036045350027,0.46200607902735563,0.0
313,0.9387043832635674,0.9217059980334317,20.869242779078846,0.4566854990583804,0.4267264466903119,0.4866445514264489,0.4488029755827707,0.5282485875706214,0.49822451578336785,0.558272659357875,0.39458811186981063,0.0
314,0.15272640100315338,0.20894788593903635,1.2642541270763008,0.731638418079096,0.704988109890637,0.7582887262675551,0.7291890165285337,0.8587570621468926,0.8378105197587825,0.8797036045350027,0.4685464930073663,0.0
315,0.5125006915119217,0.7422566371681416,2.2565171394211205,0.6572504708097928,0.6287043105659805,0.6857966310536051,0.6555782060785766,0.8370998116760828,0.8148900842661523,0.8593095390860134,0.5023713241766725,0.0
316,0.9835254199782404,0.9861111111111112,0.007092779513223101,0.5461393596986818,0.5161955666794242,0.5760831527179393,0.544962877624168,0.5753295668549906,0.5456007125721467,0.6050584211378345,0.5013736735643576,0.0
317,0.20878496745283892,0.49188790560471973,0.7283228394824739,0.4058380414312618,0.37630401828272103,0.43537206457980254,0.3939074366680746,0.7749529190207156,0.7498358959605471,0.8000699420808841,0.4563469879518073,0.0
318,0.31045381622379176,0.22087020648967554,0.5559951051754329,0.7344632768361582,0.7079024768309505,0.7610240768413659,0.7342219697910936,0.8578154425612052,0.8368107195746244,0.8788201655477861,0.5346687211093991,0.0
319,0.8597650703498129,0.8609882005899705,15.755427558706248,0.4811676082862524,0.45111684235551547,0.5112183742169892,0.47074960000651206,0.5659133709981168,0.5361037128990391,0.5957230290971944,0.4197581051371547,0.0
320,0.2113555477696435,0.443952802359882,1.3717749939992343,0.6516007532956686,0.6229442493803108,0.6802572572110264,0.6473939058927412,0.8587570621468926,0.8378105197587825,0.8797036045350027,0.46200607902735563,0.0
321,0.10379686145789147,0.012291052114060952,0.8360422710801964,0.7401129943502824,0.7137354045463269,0.766490584154238,0.7395356442119032,0.85969868173258,0.8388106355409076,0.8805867279242524,0.4622784810126582,0.0
322,0.3124343063674418,0.2573746312684366,0.5823246641193146,0.7278719397363466,0.7011044302921987,0.7546394491804944,0.7261995352177384,0.8606403013182674,0.8398110695799474,0.8814695330565874,0.46917933130699085,0.0
323,0.40639141418798064,0.38483284169124876,0.4108252328553249,0.5659133709981168,0.5361037128990391,0.5957230290971944,0.5657743841814022,0.8210922787193974,0.7980405054581681,0.8441440519806267,0.5403058248888241,0.0
324,0.8095705249958509,0.9507128810226155,5.589975744396119,0.5376647834274952,0.5076781233631723,0.5676514434918182,0.5368331854409989,0.8022598870056498,0.7783047454800489,0.8262150285312506,0.4994703389830509,0.0
325,0.2367921222961884,0.4857423795476893,1.3905532406703367,0.6393596986817326,0.6104792743197421,0.668240123043723,0.6302157815546999,0.8606403013182674,0.8398110695799474,0.8814695330565874,0.4625506072874494,0.0
326,0.46272289734275024,0.3509095378564405,0.41816031720268043,0.7354048964218456,0.7088742413626216,0.7619355514810696,0.7342832186045021,0.8653483992467044,0.844818109878448,0.8858786886149608,0.5082362160359305,0.0
327,0.2905899057699755,0.2106686332350049,0.6123432979749277,0.7156308851224106,0.6884990253465859,0.7427627448982352,0.7133854270925677,0.8615819209039548,0.8408118245795158,0.8823520172283938,0.4823171277643477,0.0
328,0.7661251359973447,0.8054326450344149,6.2879289278077595,0.507532956685499,0.47746426560386185,0.5376016477671361,0.5033900047834697,0.684557438794727,0.6566089129897803,0.7125059645996736,0.45756432246998285,0.0
329,0.9465378303121945,0.9684119960668633,22.466125794580126,0.4811676082862524,0.45111684235551547,0.5112183742169892,0.47364027650971696,0.6421845574387948,0.6133539839134784,0.6710151309641111,0.44209426168317323,0.0
330,0.34449464308764677,0.20427728613569324,0.5433108593723263,0.7401129943502824,0.7137354045463269,0.766490584154238,0.7387751900954309,0.8587570621468926,0.8378105197587825,0.8797036045350027,0.48112101313320826,0.0
331,0.08884545169558733,0.2254178957718781,1.1359442453655373,0.6591337099811676,0.6306253258812675,0.6876420940810677,0.6518121087410156,0.8615819209039548,0.8408118245795158,0.8823520172283938,0.46949621952255544,0.0
332,0.37251286212174295,0.23094886922320548,0.43001043988600773,0.7429378531073446,0.7166539945542697,0.7692217116604195,0.7425157305316631,0.8361581920903954,0.8138968981952408,0.8584194859855501,0.5282169117647059,0.0
333,0.002408305519187137,0.18239921337266468,0.9962609437538292,0.6939736346516008,0.6662567304573368,0.7216905388458648,0.6909526073607273,0.8606403013182674,0.8398110695799474,0.8814695330565874,0.47563253976726805,0.0
334,0.014589979531247077,0.1381514257620452,1.0219541161192935,0.7175141242937854,0.6904366963207763,0.7445915522667944,0.7129440087648483,0.8587570621468926,0.8378105197587825,0.8797036045350027,0.46200607902735563,0.0
335,0.33298419664755025,0.0034414945919371,0.5150344842403798,0.724105461393597,0.6972231704982953,0.7509877522888987,0.724085645654273,0.8549905838041432,0.8338131866692449,0.8761679809390415,0.5506528046421664,0.0
336,0.24225783252503275,0.13102261553588987,0.6801793687039589,0.667608286252354,0.6392761209810294,0.6959404515236787,0.6630889311279169,0.8606403013182674,0.8398110695799474,0.8814695330565874,0.4625506072874494,0.0
337,0.3518449538070036,0.2535644051130777,0.5558219768042797,0.7184557438794726,0.6914057507348393,0.7455057370241059,0.7152317108714661,0.8615819209039548,0.8408118245795158,0.8823520172283938,0.4823171277643477,0.0
338,0.2476534695458149,0.4567354965585054,1.4032306491322883,0.6854990583804144,0.6575730914562724,0.7134250253045563,0.6761970488678564,0.8606403013182674,0.8398110695799474,0.8814695330565874,0.4625506072874494,0.0
339,0.8726069077430895,0.9368239921337267,0.11201059869092655,0.5527306967984934,0.5228262927705981,0.5826351008263887,0.5492742551566081,0.8606403013182674,0.8398110695799474,0.8814695330565874,0.4625506072874494,0.0
340,0.21058843054454257,0.3972468043264503,1.3714545927660682,0.6949152542372882,0.6672222557315467,0.7226082527430296,0.6913588220098166,0.8615819209039548,0.8408118245795158,0.8823520172283938,0.47599211876894365,0.0
341,0.3257592800899887,0.20181907571288102,0.5681479272293468,0.7589453860640302,0.7332203021670867,0.7846704699609737,0.7574278097195901,0.8615819209039548,0.8408118245795158,0.8823520172283938,0.46949621952255544,0.0
342,0.29309410094230026,0.1991150442477876,0.6186173071754905,0.6450094161958568,0.6162297828243121,0.6737890495674016,0.640944331098805,0.8559322033898306,0.8348120555816558,0.8770523511980053,0.4916641378037373,0.0
343,0.397473676446182,0.31157817109144537,0.5228813146629007,0.6713747645951036,0.6431242232284529,0.6996253059617543,0.6658134030611095,0.85969868173258,0.8388106355409076,0.8805867279242524,0.4622784810126582,0.0
344,0.703940695937598,0.8559488692232055,4.438479553233652,0.559322033898305,0.5294623335403835,0.5891817342562266,0.5579109161356431,0.7664783427495292,0.7410330566045265,0.7919236288945319,0.49598897734231473,0.0
345,0.41999299267919377,0.5957472959685348,1.926026216497528,0.6318267419962336,0.602818665299335,0.6608348186931321,0.6295640770592932,0.8455743879472694,0.8238409021036367,0.867307873790902,0.4919964532387531,0.0
346,0.11223515093400205,0.013028515240904592,0.8177255221404315,0.7137476459510358,0.6865619352592933,0.7409333566427783,0.7135485244796196,0.8540489642184558,0.8328146231457053,0.8752833052912062,0.5319364313884948,0.0
347,0.7193236091390215,0.9317846607669616,4.107282257165161,0.5790960451977402,0.5494025982274843,0.608789492167996,0.5788626699869324,0.7005649717514124,0.6730182879456149,0.7281116555572099,0.5006121905775884,0.0
348,0.48290398126463696,0.706858407079646,2.2072599531615924,0.684557438794727,0.6566089129897803,0.7125059645996736,0.6837698382716982,0.812617702448211,0.7891483432276655,0.8360870616687565,0.5053817798841496,0.0
349,0.8319423186855742,0.9140855457227139,8.138964491423508,0.5,0.46992789581532146,0.5300721041846785,0.49561689487792504,0.576271186440678,0.5465510181563328,0.6059913547250232,0.4098163873204997,0.0
350,0.22542182227221597,0.25208947885939037,0.7171089779785432,0.544256120527307,0.5143020466712546,0.5742101943833594,0.5319796769435289,0.85969868173258,0.8388106355409076,0.8805867279242524,0.4876027705549205,0.0
351,0.22108834756311202,0.45784169124877083,1.4203326368340603,0.731638418079096,0.704988109890637,0.7582887262675551,0.7302932850005213,0.8493408662900188,0.8278263019454377,0.8708554306345999,0.523980277902286,0.0
352,0.5351933467332977,0.7233284169124877,2.33273637323782,0.6224105461393596,0.5932535880696782,0.6515675042090411,0.6204150938350945,0.8568738229755178,0.8358112323731312,0.8779364135779045,0.46791482629046083,0.0
353,0.2429438123513249,0.08308751229105213,0.6745372977993854,0.6902071563088512,0.6623959880529054,0.718018324564797,0.6867854808910261,0.8653483992467044,0.844818109878448,0.8858786886149608,0.5082362160359305,0.0
354,0.37623411827619907,0.321779744346116,0.5378942647864866,0.704331450094162,0.6768850797458879,0.7317778204424361,0.7001100751100751,0.85969868173258,0.8388106355409076,0.8805867279242524,0.4752738233801892,0.0
355,0.8549595235021852,0.8370206489675516,12.80215863964973,0.4444444444444444,0.41455854702960127,0.4743303418592876,0.43518174639517987,0.5433145009416196,0.5133554485735511,0.5732735533096881,0.4043195420244601,0.0
356,0.310287853362592,0.39970501474926257,1.7549148922806357,0.6393596986817326,0.6104792743197421,0.668240123043723,0.6393337961965413,0.6393596986817326,0.6104792743197421,0.668240123043723,0.5025091885346658,0.0
357,0.18207969905401167,0.334070796460177,1.2964630997417883,0.6629001883239172,0.6344688607501427,0.6913315158976916,0.655850245306588,0.85969868173258,0.8388106355409076,0.8805867279242524,0.4815183734989105,0.0
358,0.22444448542292866,0.024950835791543752,0.6209514674373412,0.6581920903954802,0.6296647557562417,0.6867194250347187,0.6575772837374392,0.8258003766478342,0.8029888181709004,0.8486119351247681,0.576225305692821,0.0
359,0.07718748271220188,0.02814650934119961,0.876538913042196,0.7937853107344632,0.7694517793038581,0.8181188421650684,0.7932704315865728,0.85969868173258,0.8388106355409076,0.8805867279242524,0.4935330548754141,0.0
360,0.0037028158365449704,0.03957718780727626,0.9947398477489797,0.6346516007532956,0.6056904971456706,0.6636127043609207,0.6252741856277624,0.8615819209039548,0.8408118245795158,0.8823520172283938,0.47599211876894365,0.0
361,0.35814416640542884,0.2851524090462143,0.5514367935553307,0.7128060263653484,0.685593606969103,0.7400184457615938,0.7092774344682742,0.8625235404896422,0.8418129032889433,0.8832341776903411,0.48271858652716987,0.0
362,0.41422486123660773,0.28404621435594885,0.4021982116244411,0.716572504708098,0.6894677880049681,0.7436772214112278,0.7164817562659481,0.8540489642184558,0.8328146231457053,0.8752833052912062,0.5623878454360569,0.0
363,0.012380829445499675,0.22406588003933137,0.9801469022780498,0.7184557438794726,0.6914057507348393,0.7455057370241059,0.716889131002681,0.7862523540489642,0.7615961927461699,0.8109085153517586,0.5977507654572303,0.0
364,0.18094746353427138,0.3291543756145526,1.276205863808323,0.6299435028248588,0.6009047051847919,0.6589823004649257,0.6170318190451809,0.8606403013182674,0.8398110695799474,0.8814695330565874,0.4625506072874494,0.0
365,0.4105884305445426,0.5222468043264503,2.118985636891779,0.6299435028248588,0.6009047051847919,0.6589823004649257,0.629888043984304,0.6148775894538606,0.5856099604772746,0.6441452184304466,0.47160644011508024,0.0
366,0.7780338933043205,0.9305555555555556,4.6596409055425445,0.4858757062146893,0.455815602934059,0.5159358094953196,0.48569330272723077,0.620527306967985,0.5913419824555224,0.6497126314804476,0.43641188051014296,0.0
367,0.3286949787014328,0.5905850540806293,1.6085169430769968,0.615819209039548,0.5865650073036335,0.6450734107754625,0.6094138178461583,0.85969868173258,0.8388106355409076,0.8805867279242524,0.4752738233801892,0.0
368,0.37958656807243357,0.3381268436578171,0.5486189686779114,0.6581920903954802,0.6296647557562417,0.6867194250347187,0.6509473169539177,0.8606403013182674,0.8398110695799474,0.8814695330565874,0.46917933130699085,0.0
369,0.2063213409799184,0.014503441494591929,0.7264842348178535,0.5790960451977402,0.5494025982274843,0.608789492167996,0.5721828843954546,0.7853107344632768,0.7606151252008293,0.8100063437257243,0.506891495601173,0.0
370,0.9504545538365081,0.9911504424778761,23.35328302541417,0.4604519774011299,0.4304740891196904,0.49042986568256947,0.4526240988023009,0.5376647834274952,0.5076781233631723,0.5676514434918182,0.39978797439577884,0.0
371,0.18789577532316648,0.3984759095378565,1.3277852124456337,0.6770244821092278,0.6489002417147017,0.7051487225037539,0.6734572034821336,0.8587570621468926,0.8378105197587825,0.8797036045350027,0.5044176207068193,0.0
372,0.0014272806063175825,0.07878564405113081,1.0021891864372263,0.7222222222222222,0.6952834383366038,0.7491610061078406,0.7189263775334891,0.8615819209039548,0.8408118245795158,0.8823520172283938,0.4823171277643477,0.0
373,0.23332165446532294,0.547566371681416,1.4197145908937112,0.687382297551789,0.6595018482575393,0.7152627468460387,0.6838662243342599,0.8549905838041432,0.8338131866692449,0.8761679809390415,0.4672842401500938,0.0
374,0.3382765678880304,0.2851524090462143,0.5534186681727665,0.7024482109227872,0.6749514048143261,0.7299450170312483,0.7006636220921936,0.8606403013182674,0.8398110695799474,0.8814695330565874,0.4625506072874494,0.0
375,0.40102528167585605,0.2915437561455261,0.49373547939529105,0.7231638418079096,0.6962532300014026,0.7500744536144166,0.7210705926495025,0.8587570621468926,0.8378105197587825,0.8797036045350027,0.4685464930073663,0.0
376,0.5482380276235962,0.7509832841691249,2.626781063275624,0.6384180790960452,0.6095212788810052,0.6673148793110852,0.6383552314197338,0.7768361581920904,0.7517940756031907,0.8018782407809901,0.5197733321885464,0.0
377,0.3741319220343359,0.27384464110127826,0.5019417809396157,0.7175141242937854,0.6904366963207763,0.7445915522667944,0.7166095616254122,0.864406779661017,0.8438160430698237,0.8849975162522102,0.49591930911727866,0.0
378,0.1439635619318077,0.2758112094395281,1.240570689017626,0.6694915254237288,0.6411999159360035,0.6977831349114542,0.6652889556543469,0.85969868173258,0.8388106355409076,0.8805867279242524,0.4622784810126582,0.0
379,0.35899242102933854,0.2447148475909538,0.5547652590749415,0.667608286252354,0.6392761209810294,0.6959404515236787,0.6629386838383449,0.8625235404896422,0.8418129032889433,0.8832341776903411,0.48271858652716987,0.0
380,0.2426930240277343,0.1387659783677483,0.5467350874776139,0.7843691148775894,0.7596342502344952,0.8091039795206837,0.7818998722059054,0.8587570621468926,0.8378105197587825,0.8797036045350027,0.48112101313320826,0.0
381,0.34036769993914695,0.7042772861356932,1.7504635050741608,0.716572504708098,0.6894677880049681,0.7436772214112278,0.7159678455505964,0.8493408662900188,0.8278263019454377,0.8708554306345999,0.5975786512064114,0.0
382,0.3976654557524572,0.5930432645034415,1.9528964694445674,0.6789077212806026,0.6508266211506866,0.7069888214105187,0.6785585899048392,0.8389830508474576,0.8168772525279824,0.8610888491669328,0.49374294356243814,0.0
383,0.9370890114145568,0.9545231071779744,18.501515360242458,0.4661016949152542,0.43609878174358646,0.49610460808692197,0.4590797904784662,0.5254237288135594,0.49539052495959673,0.555456932667522,0.3983949645948072,0.0
384,0.6464400966272659,0.8078908554572272,3.4433896509423443,0.5866290018832392,0.5570116940229997,0.6162463097434787,0.5864673058347369,0.608286252354049,0.5789278633577186,0.6376446413503793,0.46328449595451565,0.0
385,0.010724888897084561,0.1645771878072763,0.9824927906178696,0.8060263653483992,0.7822448355145573,0.8298078951822412,0.8052278271398301,0.85969868173258,0.8388106355409076,0.8805867279242524,0.4752738233801892,0.0
386,0.4059525346216969,0.38114552605703045,0.5052209990695249,0.6779661016949152,0.6498633660908782,0.7060688372989522,0.6738012868181965,0.8625235404896422,0.8418129032889433,0.8832341776903411,0.48271858652716987,0.0
387,0.12616496708403258,0.2885939036381514,0.7902755128315165,0.5828625235404896,0.5532062564858752,0.6125187905951041,0.5828443999131048,0.7504708097928436,0.724443972690689,0.7764976468949982,0.5654228337155167,0.0
388,0.05788784598646479,0.2836774827925271,0.9109956847423605,0.5178907721280602,0.48783792505098145,0.547943619205139,0.5145576287831444,0.6685499058380414,0.6402379545545909,0.696861857121492,0.5053563111318118,0.0
389,0.41192719762488705,0.31170108161258603,0.47789666568502337,0.7325800376647834,0.7059594116155937,0.7592006637139731,0.7308964764076704,0.864406779661017,0.8438160430698237,0.8849975162522102,0.5076812135415996,0.0
390,0.6979660329344077,0.6918633235004917,0.1557934649269544,0.6346516007532956,0.6056904971456706,0.6636127043609207,0.6346503050078025,0.7853107344632768,0.7606151252008293,0.8100063437257243,0.606403245837045,0.0
391,0.3480831289531432,0.32669616519174044,1.9326277927647508,0.467984934086629,0.43797453889161014,0.49799532928164786,0.4674707456368066,0.6186440677966102,0.5894308435381184,0.647857292055102,0.4635714757864463,0.0
392,0.7287318593372549,0.7184119960668633,4.213505074160811,0.455743879472693,0.42578980561664054,0.4856979533287455,0.45541747104247104,0.751412429378531,0.725418453873695,0.7774064048833671,0.4536738972852054,0.0
393,0.05686625237419096,0.1862094395280236,1.0874335841588652,0.699623352165725,0.6720519378370458,0.7271947664944043,0.6945400446317878,0.8606403013182674,0.8398110695799474,0.8814695330565874,0.4625506072874494,0.0
394,0.47859263493702636,0.3950344149459194,0.42002610079196234,0.6911487758945386,0.6633609705435052,0.718936581245572,0.6887100002859676,0.85969868173258,0.8388106355409076,0.8805867279242524,0.4752738233801892,0.0
395,0.7308783123421048,0.7120206489675516,0.21603424267358695,0.6045197740112994,0.5751120471858788,0.63392750083672,0.6009818901385167,0.8389830508474576,0.8168772525279824,0.8610888491669328,0.5939304904308628,0.0
396,0.14082501982334172,0.02814650934119961,0.790576375672548,0.7457627118644068,0.7195740222113868,0.7719514015174268,0.7444539903107477,0.8587570621468926,0.8378105197587825,0.8797036045350027,0.4749159469971653,0.0
397,0.052628667318224465,0.24176499508357918,1.0879452730186119,0.7344632768361582,0.7079024768309505,0.7610240768413659,0.732947877914546,0.852165725047081,0.8308184025028545,0.8735130475913074,0.5351908897035251,0.0
398,0.935676483062568,0.9090462143559488,26.832807249770898,0.4708097928436911,0.44078897936648925,0.500830606320893,0.46145072745713034,0.5527306967984934,0.5228262927705981,0.5826351008263887,0.40513182146761273,0.0
399,0.11102915414261738,0.05739921337266468,0.8515715518303957,0.620527306967985,0.5913419824555224,0.6497126314804476,0.610668044534483,0.8606403013182674,0.8398110695799474,0.8814695330565874,0.46917933130699085,0.0
400,0.3118294639399583,0.19923795476892822,0.5942382999961608,0.731638418079096,0.704988109890637,0.7582887262675551,0.7289892095317146,0.85969868173258,0.8388106355409076,0.8805867279242524,0.4752738233801892,0.0
401,0.32640469121687654,0.2308259587020649,0.5580661430219263,0.6958568738229756,0.6681879175763326,0.7235258300696186,0.6946414980126496,0.847457627118644,0.825833028345558,0.86908222589173,0.503319976442602,0.0
402,0.2627560899149902,0.44284660766961653,1.4509462624216725,0.6393596986817326,0.6104792743197421,0.668240123043723,0.6317157641690094,0.8606403013182674,0.8398110695799474,0.8814695330565874,0.4625506072874494,0.0
403,0.0661196039019713,0.03957718780727626,1.1372089819534372,0.576271186440678,0.5465510181563328,0.6059913547250232,0.5757279829545454,0.596045197740113,0.5665331192450694,0.6255572762351566,0.45588739351480856,0.0
404,0.42165999741835547,0.3823746312684365,0.49288996522603085,0.6826741996233522,0.6546809543138725,0.7106674449328318,0.6782162505765501,0.85969868173258,0.8388106355409076,0.8805867279242524,0.4688627598406299,0.0
405,0.11033579818916078,0.10791543756145527,0.8085704047811009,0.660075329566855,0.6315860211903707,0.6885646379433393,0.6600243864588644,0.7259887005649718,0.6991634998764068,0.7528139012535368,0.5720084478759131,0.0
406,0.1957292223717937,0.6412241887905604,1.3433371718400249,0.596045197740113,0.5665331192450694,0.6255572762351566,0.5915834993989366,0.7222222222222222,0.6952834383366038,0.7491610061078406,0.5430552537196315,0.0
407,0.36496708403252875,0.2763028515240904,0.5289550846328135,0.684557438794727,0.6566089129897803,0.7125059645996736,0.6823263742239422,0.852165725047081,0.8308184025028545,0.8735130475913074,0.4898277027957371,0.0
408,0.8814066274502572,0.9267453294001966,11.56024921567761,0.4924670433145009,0.46239835223286374,0.5225357343961381,0.4866551577248167,0.5743879472693032,0.544650517378575,0.6041253771600315,0.4152666250877056,0.0
409,0.16347710634531343,0.08886430678466073,0.7574580314736589,0.7325800376647834,0.7059594116155937,0.7592006637139731,0.7314791403286979,0.8625235404896422,0.8418129032889433,0.8832341776903411,0.4889181884105742,0.0
410,0.16428848033340093,0.04879547689282204,0.786222981533382,0.704331450094162,0.6768850797458879,0.7317778204424361,0.6967425110492715,0.85969868173258,0.8388106355409076,0.8805867279242524,0.4622784810126582,0.0
