0,1,2,3,4,5,6,7,8,9,10,11,12,13,0
7.0,6.0,772.0,8.0,10.0,4.0,8.0,4.0,4.0,0.0,0.0,0.0,37.0,39.0,0
1.0,4.0,160.0,1.0,6.0,4.0,6.0,3.0,4.0,1.0,0.0,0.0,15.0,39.0,0
36.0,6.0,4316.0,9.0,12.0,2.0,4.0,0.0,4.0,1.0,0.0,76.0,39.0,39.0,1
34.0,4.0,5129.0,15.0,9.0,0.0,1.0,4.0,4.0,0.0,0.0,82.0,39.0,39.0,1
21.0,4.0,1609.0,11.0,8.0,2.0,10.0,5.0,4.0,0.0,0.0,0.0,39.0,39.0,0
17.0,4.0,435.0,12.0,13.0,2.0,10.0,0.0,4.0,1.0,0.0,0.0,54.0,39.0,0
56.0,4.0,370.0,11.0,8.0,6.0,8.0,1.0,4.0,0.0,0.0,0.0,36.0,39.0,0
12.0,6.0,672.0,11.0,8.0,2.0,14.0,0.0,4.0,1.0,0.0,0.0,44.0,39.0,0
54.0,5.0,2225.0,9.0,12.0,2.0,4.0,0.0,4.0,1.0,0.0,75.0,59.0,39.0,1
29.0,4.0,613.0,11.0,8.0,0.0,3.0,1.0,4.0,1.0,0.0,38.0,39.0,39.0,0
2.0,4.0,1100.0,15.0,9.0,4.0,12.0,1.0,4.0,0.0,0.0,0.0,27.0,39.0,0
36.0,4.0,3234.0,15.0,9.0,2.0,14.0,0.0,4.0,1.0,91.0,0.0,44.0,39.0,1
20.0,6.0,546.0,11.0,8.0,0.0,5.0,1.0,4.0,1.0,115.0,0.0,39.0,39.0,1
1.0,0.0,2703.0,11.0,8.0,4.0,0.0,3.0,4.0,0.0,0.0,0.0,19.0,39.0,0
4.0,4.0,1568.0,11.0,8.0,4.0,1.0,1.0,4.0,0.0,0.0,0.0,24.0,39.0,0
33.0,6.0,1183.0,14.0,14.0,2.0,10.0,0.0,4.0,1.0,0.0,76.0,29.0,39.0,1
0.0,0.0,2154.0,0.0,5.0,4.0,0.0,3.0,4.0,1.0,0.0,0.0,29.0,39.0,0
43.0,4.0,189.0,11.0,8.0,6.0,12.0,1.0,4.0,0.0,0.0,0.0,49.0,39.0,0
10.0,4.0,1068.0,11.0,8.0,0.0,12.0,4.0,4.0,0.0,0.0,0.0,36.0,39.0,0
0.0,4.0,156.0,0.0,5.0,4.0,8.0,3.0,4.0,0.0,0.0,0.0,9.0,39.0,0
16.0,4.0,496.0,11.0,8.0,2.0,7.0,0.0,4.0,1.0,0.0,0.0,39.0,39.0,0
0.0,4.0,2446.0,1.0,6.0,4.0,8.0,2.0,4.0,0.0,0.0,0.0,11.0,39.0,0
11.0,4.0,1378.0,0.0,5.0,4.0,7.0,3.0,4.0,0.0,0.0,0.0,39.0,39.0,0
30.0,4.0,4082.0,12.0,13.0,2.0,4.0,0.0,4.0,1.0,108.0,0.0,54.0,39.0,1
40.0,0.0,101.0,9.0,12.0,2.0,0.0,0.0,4.0,1.0,0.0,0.0,7.0,39.0,0
2.0,4.0,371.0,2.0,7.0,4.0,6.0,3.0,0.0,1.0,0.0,0.0,19.0,39.0,0
6.0,4.0,579.0,9.0,12.0,4.0,1.0,3.0,4.0,0.0,0.0,0.0,19.0,39.0,0
3.0,7.0,444.0,15.0,9.0,4.0,1.0,3.0,4.0,0.0,0.0,0.0,9.0,39.0,0
21.0,2.0,8639.0,14.0,14.0,2.0,10.0,0.0,2.0,1.0,0.0,0.0,39.0,39.0,1
20.0,2.0,3868.0,12.0,13.0,2.0,11.0,0.0,4.0,1.0,94.0,0.0,49.0,39.0,1
44.0,4.0,3069.0,7.0,11.0,2.0,12.0,0.0,4.0,1.0,108.0,0.0,39.0,39.0,1
10.0,4.0,757.0,9.0,12.0,4.0,8.0,1.0,4.0,1.0,0.0,0.0,39.0,39.0,0
6.0,4.0,1193.0,15.0,9.0,4.0,10.0,1.0,4.0,1.0,0.0,0.0,44.0,39.0,0
62.0,0.0,2631.0,12.0,13.0,2.0,0.0,0.0,4.0,1.0,111.0,0.0,39.0,31.0,1
15.0,4.0,215.0,9.0,12.0,2.0,1.0,0.0,4.0,1.0,0.0,0.0,43.0,39.0,0
25.0,4.0,417.0,1.0,6.0,5.0,8.0,4.0,4.0,0.0,0.0,0.0,37.0,39.0,0
21.0,4.0,1974.0,9.0,12.0,2.0,12.0,0.0,4.0,1.0,91.0,0.0,39.0,39.0,1
51.0,5.0,1617.0,8.0,10.0,6.0,12.0,1.0,4.0,0.0,113.0,0.0,49.0,39.0,1
7.0,4.0,373.0,11.0,8.0,0.0,12.0,1.0,4.0,0.0,0.0,0.0,37.0,39.0,0
19.0,4.0,2987.0,9.0,12.0,2.0,4.0,0.0,4.0,1.0,77.0,0.0,49.0,39.0,0
35.0,6.0,2130.0,14.0,14.0,2.0,10.0,0.0,4.0,1.0,118.0,0.0,44.0,39.0,1
1.0,4.0,16.0,5.0,3.0,4.0,8.0,2.0,1.0,0.0,0.0,0.0,39.0,30.0,0
5.0,4.0,825.0,11.0,8.0,4.0,8.0,1.0,4.0,0.0,0.0,0.0,39.0,39.0,0
3.0,0.0,724.0,15.0,9.0,4.0,0.0,3.0,4.0,0.0,0.0,0.0,29.0,39.0,0
14.0,4.0,364.0,15.0,9.0,4.0,12.0,1.0,4.0,0.0,0.0,0.0,59.0,39.0,0
3.0,4.0,1794.0,11.0,8.0,4.0,8.0,3.0,4.0,1.0,0.0,0.0,34.0,39.0,0
56.0,4.0,365.0,11.0,8.0,6.0,8.0,2.0,4.0,0.0,0.0,0.0,11.0,39.0,0
7.0,0.0,1130.0,15.0,9.0,4.0,0.0,1.0,4.0,0.0,0.0,0.0,39.0,39.0,0
18.0,4.0,81.0,11.0,8.0,4.0,3.0,1.0,4.0,1.0,0.0,0.0,68.0,39.0,0
55.0,6.0,1619.0,10.0,15.0,2.0,10.0,0.0,4.0,1.0,0.0,75.0,24.0,39.0,1
20.0,1.0,651.0,15.0,9.0,0.0,13.0,4.0,0.0,0.0,0.0,0.0,19.0,39.0,0
29.0,4.0,486.0,11.0,8.0,2.0,1.0,5.0,4.0,0.0,50.0,0.0,51.0,39.0,1
34.0,4.0,1438.0,12.0,13.0,2.0,4.0,0.0,4.0,1.0,91.0,0.0,49.0,39.0,1
54.0,0.0,3926.0,11.0,8.0,2.0,0.0,0.0,4.0,1.0,0.0,81.0,14.0,39.0,0
23.0,7.0,180.0,9.0,12.0,0.0,10.0,1.0,4.0,1.0,0.0,0.0,39.0,39.0,0
28.0,0.0,222.0,11.0,8.0,6.0,0.0,4.0,4.0,0.0,0.0,0.0,37.0,39.0,0
2.0,7.0,2003.0,15.0,9.0,4.0,1.0,3.0,4.0,0.0,0.0,0.0,14.0,39.0,0
25.0,2.0,10.0,9.0,12.0,2.0,10.0,5.0,4.0,0.0,0.0,0.0,49.0,39.0,1
9.0,4.0,3.0,15.0,9.0,4.0,14.0,1.0,4.0,1.0,0.0,0.0,39.0,39.0,0
17.0,6.0,650.0,8.0,10.0,4.0,8.0,2.0,4.0,0.0,0.0,0.0,39.0,39.0,0
3.0,4.0,969.0,15.0,9.0,4.0,8.0,3.0,4.0,0.0,0.0,0.0,19.0,39.0,0
7.0,4.0,1628.0,11.0,8.0,2.0,12.0,5.0,4.0,0.0,0.0,0.0,39.0,39.0,1
20.0,2.0,1470.0,9.0,12.0,4.0,10.0,1.0,4.0,0.0,74.0,0.0,44.0,39.0,0
21.0,4.0,3896.0,14.0,14.0,2.0,10.0,0.0,4.0,1.0,118.0,0.0,59.0,39.0,1
23.0,6.0,369.0,15.0,9.0,2.0,3.0,0.0,4.0,1.0,0.0,0.0,59.0,39.0,0
2.0,2.0,232.0,15.0,9.0,4.0,1.0,3.0,4.0,1.0,0.0,0.0,39.0,39.0,0
22.0,4.0,2647.0,12.0,13.0,2.0,10.0,0.0,4.0,1.0,118.0,0.0,39.0,39.0,1
33.0,0.0,60.0,12.0,13.0,4.0,0.0,1.0,4.0,1.0,0.0,0.0,39.0,39.0,0
0.0,4.0,1903.0,1.0,6.0,4.0,12.0,3.0,4.0,1.0,0.0,0.0,29.0,39.0,0
22.0,4.0,62.0,9.0,12.0,4.0,4.0,1.0,4.0,0.0,0.0,0.0,39.0,39.0,0
30.0,4.0,3698.0,9.0,12.0,6.0,9.0,4.0,4.0,0.0,114.0,0.0,34.0,39.0,1
21.0,0.0,3484.0,9.0,12.0,2.0,0.0,5.0,3.0,0.0,94.0,0.0,49.0,0.0,1
21.0,0.0,2370.0,12.0,13.0,2.0,0.0,5.0,2.0,0.0,108.0,0.0,1.0,39.0,1
13.0,4.0,219.0,11.0,8.0,4.0,6.0,1.0,4.0,1.0,0.0,0.0,49.0,39.0,0
24.0,6.0,369.0,15.0,9.0,2.0,5.0,0.0,4.0,1.0,77.0,0.0,68.0,39.0,0
4.0,7.0,1038.0,15.0,9.0,4.0,10.0,1.0,4.0,0.0,0.0,0.0,7.0,39.0,0
1.0,0.0,409.0,15.0,9.0,4.0,0.0,3.0,4.0,0.0,0.0,0.0,19.0,39.0,0
1.0,6.0,2026.0,1.0,6.0,4.0,8.0,3.0,4.0,0.0,0.0,0.0,3.0,39.0,0
16.0,6.0,1430.0,11.0,8.0,2.0,11.0,0.0,4.0,1.0,0.0,0.0,29.0,39.0,0
25.0,4.0,1253.0,12.0,13.0,0.0,10.0,1.0,4.0,0.0,0.0,45.0,39.0,39.0,0
7.0,4.0,607.0,15.0,9.0,4.0,3.0,3.0,4.0,1.0,0.0,0.0,39.0,39.0,0
11.0,1.0,103.0,0.0,5.0,2.0,8.0,5.0,0.0,0.0,0.0,0.0,39.0,39.0,0
4.0,4.0,1614.0,11.0,8.0,4.0,3.0,1.0,4.0,1.0,0.0,0.0,39.0,39.0,0
32.0,4.0,517.0,15.0,9.0,4.0,4.0,4.0,4.0,0.0,0.0,0.0,39.0,39.0,0
29.0,4.0,255.0,8.0,10.0,2.0,7.0,0.0,4.0,1.0,0.0,0.0,39.0,39.0,0
32.0,4.0,405.0,11.0,8.0,0.0,3.0,1.0,4.0,1.0,0.0,31.0,39.0,39.0,0
25.0,4.0,367.0,0.0,5.0,2.0,7.0,0.0,4.0,1.0,0.0,0.0,39.0,39.0,0
5.0,4.0,842.0,8.0,10.0,4.0,10.0,1.0,4.0,1.0,0.0,0.0,29.0,39.0,0
16.0,6.0,116.0,11.0,8.0,5.0,3.0,2.0,4.0,1.0,0.0,0.0,49.0,39.0,0
18.0,4.0,644.0,11.0,8.0,0.0,8.0,1.0,4.0,0.0,0.0,0.0,34.0,39.0,0
15.0,2.0,5.0,7.0,11.0,2.0,11.0,0.0,4.0,1.0,0.0,0.0,55.0,9.0,1
32.0,4.0,86.0,15.0,9.0,2.0,1.0,0.0,4.0,1.0,0.0,0.0,39.0,39.0,0
7.0,2.0,715.0,9.0,12.0,4.0,10.0,1.0,1.0,1.0,0.0,0.0,39.0,39.0,0
13.0,4.0,1318.0,11.0,8.0,4.0,1.0,4.0,4.0,0.0,0.0,0.0,39.0,39.0,0
32.0,4.0,471.0,5.0,3.0,2.0,3.0,0.0,4.0,1.0,0.0,0.0,39.0,39.0,0
48.0,1.0,77.0,15.0,9.0,2.0,4.0,0.0,2.0,1.0,0.0,61.0,39.0,39.0,1
4.0,4.0,766.0,8.0,10.0,2.0,1.0,5.0,4.0,0.0,0.0,0.0,11.0,39.0,0
11.0,4.0,1463.0,11.0,8.0,2.0,1.0,3.0,4.0,0.0,0.0,0.0,39.0,39.0,0
22.0,4.0,55.0,9.0,12.0,2.0,10.0,1.0,4.0,1.0,0.0,0.0,59.0,39.0,0
4.0,4.0,1009.0,15.0,9.0,4.0,12.0,3.0,4.0,1.0,0.0,0.0,19.0,39.0,0
12.0,4.0,368.0,9.0,12.0,2.0,10.0,5.0,4.0,0.0,0.0,0.0,23.0,39.0,0
13.0,4.0,530.0,15.0,9.0,0.0,4.0,4.0,4.0,0.0,0.0,0.0,39.0,39.0,0
46.0,6.0,782.0,9.0,12.0,2.0,10.0,0.0,1.0,1.0,0.0,50.0,31.0,3.0,1
13.0,0.0,673.0,9.0,12.0,2.0,0.0,5.0,3.0,0.0,0.0,0.0,39.0,36.0,1
33.0,6.0,2317.0,12.0,13.0,2.0,12.0,0.0,4.0,1.0,94.0,0.0,54.0,39.0,1
19.0,5.0,234.0,8.0,10.0,2.0,12.0,0.0,4.0,1.0,0.0,0.0,59.0,39.0,0
13.0,4.0,663.0,11.0,8.0,4.0,12.0,3.0,4.0,1.0,0.0,0.0,39.0,39.0,0
7.0,5.0,2013.0,11.0,8.0,4.0,3.0,3.0,4.0,1.0,0.0,0.0,39.0,39.0,0
23.0,4.0,134.0,9.0,12.0,2.0,10.0,0.0,4.0,1.0,108.0,0.0,93.0,39.0,1
42.0,4.0,575.0,9.0,12.0,2.0,3.0,0.0,4.0,1.0,0.0,0.0,3.0,39.0,0
14.0,4.0,28.0,9.0,12.0,4.0,8.0,1.0,4.0,0.0,0.0,0.0,24.0,39.0,0
23.0,2.0,1192.0,15.0,9.0,2.0,1.0,5.0,4.0,0.0,0.0,0.0,39.0,39.0,1
13.0,4.0,165.0,11.0,8.0,2.0,10.0,0.0,4.0,1.0,0.0,0.0,34.0,39.0,1
2.0,0.0,1236.0,11.0,8.0,4.0,0.0,3.0,4.0,1.0,0.0,0.0,39.0,39.0,0
23.0,4.0,1451.0,11.0,8.0,4.0,1.0,4.0,2.0,0.0,0.0,0.0,34.0,39.0,0
11.0,4.0,450.0,11.0,8.0,2.0,1.0,0.0,4.0,1.0,0.0,0.0,39.0,39.0,0
15.0,0.0,423.0,9.0,12.0,0.0,0.0,4.0,4.0,0.0,0.0,0.0,31.0,39.0,0
57.0,6.0,1226.0,11.0,8.0,6.0,8.0,1.0,4.0,1.0,0.0,0.0,19.0,39.0,0
27.0,4.0,10792.0,12.0,13.0,0.0,12.0,1.0,4.0,1.0,0.0,0.0,23.0,20.0,0
61.0,0.0,267.0,11.0,8.0,2.0,0.0,0.0,4.0,1.0,28.0,0.0,31.0,39.0,0
16.0,4.0,885.0,9.0,12.0,2.0,4.0,5.0,4.0,0.0,0.0,0.0,39.0,39.0,1
5.0,4.0,1355.0,9.0,12.0,4.0,10.0,1.0,4.0,0.0,0.0,0.0,8.0,39.0,0
22.0,4.0,451.0,11.0,8.0,2.0,3.0,0.0,4.0,1.0,0.0,0.0,39.0,39.0,0
58.0,0.0,828.0,11.0,8.0,6.0,0.0,1.0,4.0,0.0,0.0,0.0,7.0,39.0,0
40.0,1.0,42.0,15.0,9.0,0.0,8.0,1.0,4.0,1.0,0.0,0.0,39.0,39.0,0
5.0,0.0,1171.0,15.0,9.0,4.0,0.0,3.0,4.0,1.0,0.0,0.0,29.0,39.0,0
19.0,4.0,27.0,11.0,8.0,2.0,3.0,0.0,4.0,1.0,94.0,0.0,49.0,39.0,1
6.0,4.0,2369.0,15.0,9.0,4.0,8.0,3.0,4.0,1.0,0.0,0.0,29.0,39.0,0
13.0,2.0,1448.0,2.0,7.0,2.0,1.0,5.0,4.0,0.0,0.0,0.0,39.0,39.0,0
44.0,4.0,169.0,11.0,8.0,0.0,4.0,1.0,4.0,0.0,0.0,0.0,39.0,39.0,0
11.0,4.0,59.0,11.0,8.0,4.0,14.0,4.0,4.0,1.0,0.0,0.0,54.0,39.0,0
28.0,4.0,2270.0,11.0,8.0,4.0,3.0,3.0,4.0,1.0,100.0,0.0,47.0,39.0,1
14.0,4.0,574.0,0.0,5.0,0.0,6.0,1.0,4.0,1.0,0.0,0.0,39.0,39.0,0
10.0,4.0,2001.0,11.0,8.0,6.0,3.0,4.0,4.0,0.0,0.0,24.0,25.0,39.0,0
26.0,7.0,293.0,9.0,12.0,2.0,10.0,0.0,4.0,1.0,0.0,0.0,36.0,39.0,1
50.0,0.0,850.0,1.0,6.0,2.0,0.0,0.0,4.0,1.0,0.0,0.0,7.0,39.0,0
34.0,6.0,4810.0,11.0,8.0,0.0,4.0,1.0,4.0,0.0,118.0,0.0,34.0,39.0,1
5.0,0.0,807.0,11.0,8.0,2.0,0.0,5.0,4.0,0.0,0.0,0.0,21.0,39.0,0
28.0,4.0,9258.0,12.0,13.0,0.0,10.0,1.0,4.0,1.0,0.0,0.0,39.0,39.0,0
6.0,4.0,807.0,15.0,9.0,4.0,8.0,4.0,4.0,0.0,0.0,0.0,24.0,39.0,0
16.0,2.0,266.0,11.0,8.0,4.0,8.0,4.0,0.0,1.0,0.0,0.0,39.0,39.0,0
17.0,4.0,3614.0,7.0,11.0,4.0,1.0,1.0,1.0,0.0,97.0,0.0,59.0,39.0,1
8.0,4.0,2156.0,15.0,9.0,3.0,1.0,4.0,4.0,0.0,0.0,0.0,21.0,39.0,0
19.0,0.0,277.0,11.0,8.0,0.0,0.0,1.0,4.0,0.0,0.0,0.0,39.0,39.0,0
45.0,4.0,2355.0,8.0,10.0,2.0,10.0,0.0,4.0,1.0,91.0,0.0,49.0,39.0,1
1.0,7.0,2611.0,1.0,6.0,4.0,8.0,3.0,4.0,1.0,0.0,0.0,7.0,39.0,0
25.0,4.0,240.0,15.0,9.0,3.0,10.0,1.0,4.0,1.0,0.0,0.0,39.0,39.0,1
11.0,4.0,1557.0,11.0,8.0,4.0,1.0,1.0,4.0,0.0,0.0,0.0,39.0,39.0,0
7.0,2.0,649.0,7.0,11.0,2.0,8.0,5.0,4.0,0.0,0.0,0.0,39.0,39.0,0
53.0,0.0,207.0,11.0,8.0,2.0,0.0,0.0,4.0,1.0,0.0,0.0,59.0,39.0,0
6.0,4.0,1860.0,11.0,8.0,4.0,3.0,3.0,4.0,1.0,0.0,0.0,39.0,39.0,0
10.0,0.0,342.0,7.0,11.0,4.0,0.0,1.0,4.0,0.0,0.0,0.0,44.0,39.0,0
9.0,4.0,735.0,15.0,9.0,0.0,1.0,1.0,4.0,0.0,0.0,0.0,39.0,39.0,0
30.0,4.0,256.0,6.0,4.0,0.0,8.0,1.0,4.0,0.0,0.0,33.0,29.0,39.0,0
33.0,7.0,127.0,11.0,8.0,2.0,6.0,0.0,4.0,1.0,0.0,0.0,39.0,39.0,0
53.0,6.0,5923.0,12.0,13.0,2.0,4.0,0.0,4.0,1.0,0.0,68.0,7.0,39.0,1
49.0,4.0,657.0,11.0,8.0,2.0,8.0,0.0,2.0,1.0,0.0,0.0,3.0,39.0,0
28.0,1.0,1865.0,9.0,12.0,2.0,1.0,0.0,4.0,1.0,77.0,0.0,44.0,39.0,0
2.0,4.0,1338.0,11.0,8.0,4.0,5.0,3.0,4.0,1.0,0.0,0.0,24.0,39.0,0
32.0,5.0,440.0,8.0,10.0,0.0,4.0,1.0,4.0,1.0,0.0,0.0,59.0,39.0,0
19.0,6.0,4906.0,14.0,14.0,0.0,10.0,4.0,4.0,1.0,114.0,0.0,39.0,39.0,1
38.0,4.0,187.0,0.0,5.0,4.0,14.0,1.0,4.0,1.0,0.0,0.0,59.0,39.0,0
45.0,6.0,2872.0,11.0,8.0,2.0,3.0,0.0,4.0,1.0,101.0,0.0,39.0,39.0,0
17.0,2.0,4321.0,9.0,12.0,2.0,10.0,0.0,4.0,1.0,0.0,55.0,39.0,39.0,0
37.0,4.0,816.0,15.0,9.0,2.0,12.0,0.0,4.0,1.0,0.0,76.0,49.0,39.0,1
20.0,7.0,110.0,15.0,9.0,2.0,4.0,0.0,4.0,1.0,0.0,0.0,37.0,39.0,0
37.0,4.0,7009.0,5.0,3.0,0.0,7.0,4.0,4.0,0.0,0.0,90.0,39.0,39.0,0
34.0,4.0,135.0,15.0,9.0,2.0,4.0,5.0,4.0,0.0,0.0,0.0,9.0,39.0,1
0.0,4.0,619.0,2.0,7.0,4.0,12.0,3.0,4.0,1.0,0.0,0.0,39.0,39.0,0
6.0,4.0,1908.0,15.0,9.0,4.0,5.0,1.0,4.0,1.0,0.0,0.0,29.0,39.0,0
38.0,6.0,1167.0,9.0,12.0,2.0,10.0,5.0,4.0,0.0,0.0,0.0,7.0,39.0,0
16.0,4.0,802.0,9.0,12.0,2.0,12.0,5.0,4.0,0.0,0.0,0.0,44.0,39.0,1
23.0,4.0,1315.0,15.0,9.0,0.0,8.0,1.0,2.0,1.0,73.0,0.0,49.0,39.0,1
15.0,4.0,1186.0,11.0,8.0,0.0,3.0,4.0,4.0,1.0,0.0,0.0,39.0,39.0,0
54.0,0.0,796.0,9.0,12.0,2.0,0.0,0.0,4.0,1.0,98.0,0.0,29.0,39.0,1
0.0,6.0,1986.0,0.0,5.0,4.0,1.0,3.0,4.0,1.0,0.0,0.0,9.0,39.0,0
18.0,4.0,928.0,15.0,9.0,2.0,3.0,0.0,4.0,1.0,77.0,0.0,39.0,39.0,0
2.0,4.0,1284.0,15.0,9.0,4.0,5.0,1.0,4.0,0.0,0.0,0.0,14.0,39.0,0
46.0,6.0,302.0,11.0,8.0,6.0,12.0,1.0,4.0,1.0,0.0,0.0,68.0,39.0,0
2.0,4.0,2353.0,15.0,9.0,4.0,8.0,3.0,4.0,1.0,0.0,0.0,19.0,39.0,0
31.0,6.0,1627.0,8.0,10.0,2.0,4.0,5.0,4.0,0.0,0.0,0.0,24.0,39.0,1
20.0,4.0,61.0,8.0,10.0,2.0,3.0,0.0,4.0,1.0,0.0,50.0,39.0,39.0,1
33.0,7.0,120.0,15.0,9.0,2.0,1.0,0.0,4.0,1.0,0.0,0.0,39.0,39.0,1
22.0,7.0,1175.0,11.0,8.0,2.0,1.0,5.0,1.0,0.0,58.0,0.0,19.0,39.0,0
4.0,4.0,2117.0,15.0,9.0,4.0,8.0,3.0,4.0,1.0,0.0,0.0,14.0,39.0,0
30.0,0.0,742.0,5.0,3.0,2.0,0.0,0.0,4.0,1.0,0.0,0.0,9.0,39.0,0
21.0,4.0,680.0,11.0,8.0,4.0,7.0,2.0,4.0,1.0,0.0,0.0,39.0,39.0,0
18.0,4.0,1173.0,11.0,8.0,2.0,7.0,0.0,4.0,1.0,0.0,0.0,29.0,39.0,0
11.0,7.0,982.0,9.0,12.0,4.0,10.0,3.0,4.0,1.0,90.0,0.0,39.0,39.0,0
8.0,4.0,550.0,11.0,8.0,4.0,3.0,3.0,4.0,1.0,0.0,0.0,27.0,39.0,0
21.0,4.0,806.0,11.0,8.0,2.0,6.0,0.0,4.0,1.0,0.0,54.0,39.0,39.0,0
48.0,6.0,289.0,11.0,8.0,2.0,12.0,0.0,4.0,1.0,0.0,0.0,54.0,39.0,0
12.0,4.0,964.0,9.0,12.0,4.0,4.0,4.0,2.0,0.0,0.0,0.0,39.0,39.0,0
14.0,4.0,53.0,11.0,8.0,2.0,1.0,0.0,0.0,1.0,0.0,0.0,39.0,39.0,1
24.0,4.0,367.0,8.0,10.0,4.0,3.0,1.0,4.0,1.0,0.0,0.0,29.0,39.0,0
33.0,2.0,102.0,12.0,13.0,0.0,10.0,4.0,4.0,0.0,0.0,0.0,64.0,39.0,0
23.0,2.0,202.0,12.0,13.0,4.0,10.0,1.0,4.0,0.0,0.0,0.0,39.0,39.0,0
42.0,4.0,2855.0,10.0,15.0,2.0,10.0,0.0,4.0,1.0,0.0,76.0,44.0,39.0,1
24.0,6.0,228.0,11.0,8.0,2.0,5.0,0.0,4.0,1.0,94.0,0.0,39.0,39.0,1
29.0,2.0,2.0,14.0,14.0,2.0,10.0,0.0,1.0,1.0,0.0,0.0,39.0,30.0,1
25.0,4.0,1181.0,11.0,8.0,6.0,4.0,1.0,2.0,0.0,0.0,0.0,34.0,39.0,0
2.0,4.0,2104.0,15.0,9.0,4.0,12.0,3.0,4.0,0.0,0.0,0.0,29.0,39.0,0
7.0,4.0,656.0,11.0,8.0,4.0,8.0,4.0,4.0,0.0,0.0,0.0,34.0,39.0,0
15.0,4.0,1679.0,11.0,8.0,0.0,8.0,4.0,3.0,0.0,0.0,0.0,27.0,39.0,0
18.0,1.0,1500.0,9.0,12.0,2.0,10.0,0.0,4.0,1.0,91.0,0.0,39.0,39.0,1
55.0,4.0,645.0,0.0,5.0,6.0,1.0,1.0,4.0,0.0,0.0,0.0,19.0,39.0,0
37.0,4.0,298.0,11.0,8.0,2.0,12.0,0.0,4.0,1.0,0.0,0.0,49.0,39.0,1
4.0,4.0,397.0,15.0,9.0,4.0,10.0,3.0,4.0,1.0,0.0,0.0,39.0,39.0,0
20.0,7.0,778.0,11.0,8.0,5.0,8.0,4.0,4.0,0.0,0.0,0.0,39.0,39.0,0
1.0,2.0,1804.0,0.0,5.0,4.0,8.0,3.0,4.0,1.0,0.0,0.0,24.0,39.0,0
25.0,4.0,447.0,12.0,13.0,0.0,10.0,1.0,4.0,0.0,32.0,0.0,15.0,39.0,0
26.0,4.0,1780.0,11.0,8.0,2.0,7.0,0.0,4.0,1.0,0.0,50.0,51.0,39.0,1
35.0,5.0,3903.0,15.0,9.0,2.0,12.0,0.0,4.0,1.0,108.0,0.0,49.0,39.0,1
2.0,6.0,843.0,11.0,8.0,4.0,3.0,3.0,4.0,1.0,0.0,0.0,39.0,39.0,0
4.0,4.0,144.0,11.0,8.0,4.0,3.0,3.0,4.0,1.0,0.0,0.0,39.0,39.0,0
44.0,6.0,96.0,11.0,8.0,6.0,8.0,2.0,4.0,0.0,0.0,0.0,39.0,39.0,0
26.0,1.0,4356.0,8.0,10.0,4.0,10.0,1.0,4.0,0.0,104.0,0.0,39.0,39.0,1
5.0,4.0,2147.0,2.0,7.0,4.0,14.0,4.0,4.0,1.0,0.0,0.0,29.0,39.0,0
46.0,6.0,247.0,11.0,8.0,2.0,5.0,0.0,4.0,1.0,0.0,0.0,34.0,39.0,0
29.0,4.0,4075.0,12.0,13.0,2.0,4.0,0.0,4.0,1.0,108.0,0.0,64.0,39.0,1
2.0,0.0,651.0,15.0,9.0,4.0,0.0,2.0,0.0,0.0,0.0,0.0,39.0,39.0,0
21.0,4.0,459.0,8.0,10.0,2.0,3.0,0.0,4.0,1.0,68.0,0.0,39.0,39.0,1
10.0,4.0,912.0,7.0,11.0,4.0,8.0,1.0,4.0,1.0,0.0,0.0,39.0,39.0,0
6.0,0.0,69.0,9.0,12.0,4.0,0.0,3.0,4.0,1.0,0.0,0.0,34.0,39.0,0
17.0,4.0,231.0,9.0,12.0,2.0,5.0,0.0,4.0,1.0,0.0,0.0,49.0,39.0,1
16.0,4.0,152.0,7.0,11.0,2.0,12.0,0.0,3.0,1.0,0.0,0.0,39.0,24.0,1
20.0,4.0,2879.0,9.0,12.0,2.0,4.0,0.0,4.0,1.0,108.0,0.0,39.0,39.0,1
8.0,4.0,269.0,7.0,11.0,0.0,1.0,4.0,4.0,0.0,0.0,0.0,39.0,39.0,0
24.0,4.0,1187.0,9.0,12.0,2.0,13.0,5.0,4.0,0.0,0.0,0.0,24.0,39.0,1
22.0,2.0,1230.0,8.0,10.0,2.0,1.0,5.0,4.0,0.0,0.0,0.0,36.0,39.0,0
2.0,4.0,1174.0,11.0,8.0,4.0,14.0,3.0,4.0,1.0,26.0,0.0,44.0,39.0,0
21.0,6.0,451.0,7.0,11.0,2.0,12.0,0.0,4.0,1.0,0.0,0.0,59.0,39.0,0
12.0,4.0,597.0,11.0,8.0,0.0,8.0,1.0,4.0,0.0,0.0,0.0,24.0,39.0,0
30.0,4.0,271.0,9.0,12.0,2.0,4.0,0.0,4.0,1.0,0.0,0.0,49.0,39.0,1
21.0,7.0,476.0,15.0,9.0,0.0,11.0,4.0,0.0,0.0,0.0,0.0,39.0,39.0,1
12.0,4.0,5942.0,9.0,12.0,4.0,12.0,1.0,4.0,0.0,104.0,0.0,34.0,39.0,1
6.0,4.0,1643.0,11.0,8.0,4.0,1.0,1.0,4.0,0.0,0.0,0.0,39.0,39.0,0
9.0,4.0,1929.0,11.0,8.0,4.0,1.0,3.0,4.0,1.0,0.0,0.0,39.0,39.0,0
1.0,4.0,3184.0,15.0,9.0,4.0,12.0,3.0,4.0,1.0,0.0,0.0,14.0,39.0,0
2.0,4.0,2396.0,8.0,10.0,4.0,8.0,3.0,1.0,1.0,0.0,0.0,15.0,39.0,0
5.0,0.0,753.0,15.0,9.0,4.0,0.0,3.0,4.0,0.0,0.0,0.0,19.0,39.0,0
46.0,4.0,483.0,1.0,6.0,4.0,5.0,1.0,4.0,1.0,0.0,0.0,11.0,39.0,0
11.0,5.0,508.0,11.0,8.0,2.0,4.0,0.0,4.0,1.0,0.0,0.0,44.0,39.0,1
44.0,4.0,3624.0,15.0,9.0,2.0,1.0,5.0,4.0,0.0,108.0,0.0,33.0,39.0,1
22.0,4.0,685.0,15.0,9.0,2.0,1.0,0.0,4.0,1.0,108.0,0.0,39.0,39.0,1
1.0,4.0,1340.0,15.0,9.0,4.0,8.0,3.0,4.0,0.0,0.0,0.0,14.0,39.0,0
24.0,4.0,3506.0,8.0,10.0,2.0,1.0,5.0,4.0,0.0,94.0,0.0,43.0,39.0,1
7.0,4.0,554.0,15.0,9.0,2.0,8.0,5.0,4.0,0.0,0.0,0.0,39.0,39.0,0
14.0,0.0,179.0,9.0,12.0,2.0,0.0,5.0,4.0,0.0,0.0,0.0,24.0,39.0,1
40.0,6.0,138.0,11.0,8.0,2.0,8.0,0.0,4.0,1.0,0.0,0.0,59.0,39.0,0
35.0,1.0,60.0,9.0,12.0,2.0,11.0,0.0,4.0,1.0,0.0,0.0,59.0,39.0,1
19.0,4.0,603.0,15.0,9.0,5.0,1.0,2.0,4.0,0.0,0.0,0.0,39.0,39.0,0
24.0,4.0,82.0,12.0,13.0,4.0,10.0,1.0,4.0,0.0,0.0,0.0,39.0,39.0,0
19.0,4.0,605.0,11.0,8.0,0.0,5.0,4.0,4.0,1.0,0.0,0.0,49.0,39.0,0
0.0,0.0,1454.0,1.0,6.0,4.0,0.0,3.0,4.0,0.0,0.0,0.0,29.0,39.0,0
57.0,1.0,1076.0,15.0,9.0,6.0,14.0,1.0,4.0,0.0,0.0,0.0,17.0,39.0,0
4.0,4.0,586.0,15.0,9.0,4.0,12.0,1.0,4.0,1.0,0.0,0.0,39.0,39.0,0
48.0,0.0,915.0,5.0,3.0,2.0,0.0,0.0,4.0,1.0,0.0,0.0,19.0,39.0,0
17.0,2.0,826.0,7.0,11.0,0.0,1.0,4.0,4.0,0.0,0.0,0.0,9.0,39.0,0
5.0,4.0,1747.0,11.0,8.0,4.0,8.0,3.0,4.0,1.0,0.0,0.0,39.0,39.0,0
4.0,4.0,1108.0,15.0,9.0,4.0,6.0,1.0,4.0,1.0,0.0,0.0,39.0,39.0,0
5.0,4.0,959.0,11.0,8.0,5.0,8.0,2.0,4.0,1.0,0.0,0.0,34.0,39.0,0
5.0,7.0,723.0,15.0,9.0,4.0,14.0,3.0,4.0,1.0,0.0,0.0,24.0,39.0,0
59.0,0.0,280.0,11.0,8.0,2.0,0.0,0.0,4.0,1.0,0.0,0.0,39.0,2.0,1
22.0,4.0,3039.0,14.0,14.0,2.0,10.0,5.0,4.0,0.0,94.0,0.0,59.0,39.0,1
21.0,1.0,948.0,14.0,14.0,4.0,10.0,1.0,1.0,0.0,118.0,0.0,56.0,2.0,1
44.0,5.0,2027.0,15.0,9.0,2.0,12.0,0.0,4.0,1.0,94.0,0.0,35.0,39.0,1
9.0,4.0,934.0,9.0,12.0,4.0,4.0,1.0,4.0,0.0,0.0,0.0,44.0,39.0,0
3.0,4.0,1428.0,11.0,8.0,4.0,6.0,3.0,4.0,1.0,0.0,0.0,39.0,39.0,0
50.0,6.0,7657.0,12.0,13.0,6.0,10.0,1.0,4.0,1.0,110.0,0.0,1.0,39.0,1
22.0,4.0,425.0,9.0,12.0,2.0,4.0,0.0,4.0,1.0,0.0,46.0,39.0,39.0,1
3.0,4.0,3025.0,15.0,9.0,4.0,4.0,3.0,4.0,0.0,0.0,0.0,19.0,39.0,0
1.0,4.0,1158.0,1.0,6.0,4.0,8.0,3.0,4.0,0.0,0.0,0.0,19.0,39.0,0
17.0,2.0,64.0,11.0,8.0,4.0,11.0,1.0,0.0,1.0,0.0,0.0,39.0,39.0,0
9.0,7.0,1716.0,11.0,8.0,4.0,3.0,4.0,4.0,1.0,0.0,0.0,49.0,39.0,0
7.0,0.0,183.0,11.0,8.0,4.0,0.0,2.0,0.0,0.0,0.0,0.0,39.0,39.0,0
17.0,4.0,570.0,8.0,10.0,3.0,1.0,4.0,4.0,0.0,0.0,9.0,39.0,39.0,0
9.0,2.0,443.0,9.0,12.0,2.0,10.0,5.0,4.0,0.0,0.0,0.0,54.0,39.0,1
33.0,4.0,316.0,15.0,9.0,2.0,12.0,5.0,4.0,0.0,0.0,0.0,38.0,39.0,0
19.0,4.0,2209.0,7.0,11.0,2.0,12.0,5.0,4.0,0.0,0.0,0.0,14.0,39.0,0
6.0,4.0,2357.0,13.0,0.0,4.0,8.0,3.0,4.0,0.0,0.0,0.0,14.0,39.0,0
16.0,4.0,205.0,8.0,10.0,2.0,13.0,5.0,4.0,0.0,0.0,0.0,39.0,39.0,1
24.0,2.0,609.0,12.0,13.0,0.0,10.0,1.0,4.0,1.0,0.0,49.0,39.0,39.0,0
23.0,1.0,171.0,7.0,11.0,4.0,1.0,1.0,4.0,0.0,0.0,0.0,39.0,39.0,0
48.0,4.0,3948.0,11.0,8.0,2.0,12.0,0.0,4.0,1.0,98.0,0.0,9.0,39.0,1
9.0,7.0,288.0,9.0,12.0,4.0,10.0,1.0,4.0,1.0,0.0,0.0,39.0,39.0,0
30.0,1.0,35.0,9.0,12.0,2.0,3.0,0.0,4.0,1.0,0.0,37.0,39.0,39.0,0
16.0,4.0,1419.0,15.0,9.0,0.0,4.0,4.0,4.0,0.0,0.0,0.0,39.0,39.0,0
26.0,4.0,2828.0,9.0,12.0,0.0,13.0,1.0,4.0,1.0,0.0,45.0,39.0,39.0,0
26.0,6.0,225.0,15.0,9.0,2.0,3.0,0.0,4.0,1.0,0.0,0.0,49.0,39.0,0
15.0,4.0,259.0,15.0,9.0,4.0,1.0,1.0,4.0,0.0,0.0,0.0,39.0,39.0,0
5.0,4.0,2020.0,0.0,5.0,4.0,3.0,3.0,4.0,1.0,0.0,0.0,14.0,39.0,0
33.0,4.0,767.0,9.0,12.0,2.0,13.0,0.0,4.0,1.0,108.0,0.0,39.0,39.0,1
39.0,1.0,2057.0,9.0,12.0,4.0,14.0,1.0,2.0,1.0,0.0,52.0,64.0,39.0,0
33.0,2.0,436.0,12.0,13.0,2.0,10.0,0.0,4.0,1.0,0.0,0.0,49.0,39.0,0
18.0,4.0,234.0,11.0,8.0,2.0,12.0,0.0,4.0,1.0,0.0,0.0,49.0,39.0,0
44.0,2.0,290.0,12.0,13.0,0.0,10.0,1.0,4.0,0.0,0.0,0.0,68.0,39.0,0
6.0,4.0,1534.0,12.0,13.0,4.0,12.0,1.0,4.0,0.0,0.0,0.0,19.0,39.0,0
40.0,1.0,1180.0,12.0,13.0,2.0,4.0,0.0,2.0,1.0,108.0,0.0,39.0,39.0,1
4.0,4.0,373.0,11.0,8.0,4.0,8.0,1.0,4.0,0.0,0.0,0.0,49.0,39.0,0
12.0,4.0,526.0,11.0,8.0,0.0,10.0,1.0,4.0,0.0,0.0,0.0,39.0,39.0,0
28.0,2.0,1669.0,1.0,6.0,2.0,8.0,5.0,4.0,0.0,0.0,0.0,24.0,39.0,0
35.0,4.0,88.0,8.0,10.0,2.0,4.0,0.0,4.0,1.0,0.0,50.0,44.0,39.0,1
27.0,6.0,225.0,15.0,9.0,4.0,5.0,3.0,4.0,1.0,0.0,0.0,59.0,39.0,0
31.0,5.0,428.0,8.0,10.0,2.0,3.0,0.0,4.0,1.0,0.0,0.0,68.0,39.0,1
27.0,4.0,404.0,15.0,9.0,0.0,1.0,4.0,4.0,0.0,0.0,0.0,39.0,39.0,0
33.0,4.0,32.0,11.0,8.0,2.0,5.0,0.0,4.0,1.0,0.0,0.0,59.0,39.0,1
24.0,4.0,126.0,11.0,8.0,0.0,14.0,4.0,4.0,1.0,93.0,0.0,39.0,39.0,0
29.0,1.0,4049.0,14.0,14.0,2.0,10.0,0.0,4.0,1.0,108.0,0.0,49.0,39.0,1
17.0,4.0,848.0,11.0,8.0,2.0,3.0,0.0,4.0,1.0,64.0,0.0,45.0,39.0,0
2.0,4.0,1205.0,15.0,9.0,4.0,8.0,3.0,4.0,1.0,0.0,0.0,19.0,39.0,0
12.0,6.0,2327.0,14.0,14.0,0.0,10.0,1.0,4.0,1.0,118.0,0.0,59.0,39.0,1
11.0,4.0,265.0,14.0,14.0,2.0,10.0,0.0,1.0,1.0,0.0,0.0,93.0,30.0,0
3.0,4.0,1552.0,11.0,8.0,4.0,6.0,3.0,4.0,1.0,0.0,0.0,34.0,39.0,0
7.0,4.0,819.0,15.0,9.0,0.0,8.0,1.0,2.0,1.0,0.0,0.0,39.0,39.0,0
44.0,1.0,283.0,9.0,12.0,2.0,4.0,5.0,4.0,0.0,0.0,0.0,39.0,39.0,0
5.0,4.0,1064.0,15.0,9.0,4.0,10.0,1.0,4.0,1.0,0.0,0.0,44.0,39.0,0
23.0,4.0,257.0,8.0,10.0,2.0,14.0,0.0,4.0,1.0,42.0,0.0,39.0,39.0,0
30.0,1.0,217.0,11.0,8.0,0.0,1.0,1.0,4.0,0.0,0.0,0.0,39.0,39.0,0
9.0,4.0,464.0,15.0,9.0,4.0,3.0,1.0,4.0,1.0,0.0,0.0,39.0,39.0,0
16.0,4.0,91.0,11.0,8.0,0.0,8.0,4.0,4.0,0.0,0.0,0.0,29.0,39.0,0
40.0,7.0,136.0,9.0,12.0,0.0,1.0,4.0,4.0,1.0,25.0,0.0,36.0,39.0,0
9.0,4.0,57.0,9.0,12.0,2.0,12.0,0.0,4.0,1.0,0.0,0.0,39.0,39.0,1
18.0,4.0,3347.0,9.0,12.0,2.0,8.0,0.0,0.0,1.0,94.0,0.0,19.0,39.0,1
4.0,4.0,772.0,11.0,8.0,4.0,12.0,3.0,4.0,0.0,0.0,0.0,29.0,39.0,0
11.0,4.0,725.0,11.0,8.0,0.0,12.0,1.0,0.0,1.0,105.0,0.0,39.0,39.0,1
17.0,4.0,1160.0,15.0,9.0,0.0,1.0,4.0,4.0,0.0,0.0,0.0,39.0,39.0,0
8.0,4.0,359.0,11.0,8.0,4.0,5.0,1.0,4.0,1.0,0.0,0.0,39.0,39.0,0
44.0,4.0,3051.0,15.0,9.0,2.0,13.0,0.0,4.0,1.0,108.0,0.0,17.0,39.0,1
5.0,0.0,461.0,15.0,9.0,4.0,0.0,3.0,1.0,0.0,0.0,0.0,3.0,35.0,0
14.0,7.0,328.0,2.0,7.0,2.0,8.0,5.0,4.0,0.0,0.0,0.0,39.0,39.0,0
2.0,0.0,2056.0,11.0,8.0,4.0,0.0,2.0,4.0,0.0,0.0,0.0,29.0,39.0,0
3.0,4.0,586.0,15.0,9.0,4.0,8.0,1.0,4.0,1.0,0.0,0.0,44.0,39.0,0
45.0,6.0,200.0,5.0,3.0,6.0,8.0,1.0,4.0,0.0,0.0,0.0,65.0,39.0,0
13.0,6.0,2243.0,9.0,12.0,3.0,3.0,1.0,4.0,1.0,90.0,0.0,59.0,39.0,0
14.0,6.0,415.0,11.0,8.0,4.0,8.0,4.0,4.0,0.0,0.0,0.0,39.0,39.0,0
22.0,6.0,4676.0,14.0,14.0,2.0,10.0,0.0,4.0,1.0,108.0,0.0,49.0,39.0,1
52.0,6.0,392.0,5.0,3.0,4.0,5.0,2.0,4.0,1.0,19.0,0.0,9.0,39.0,0
11.0,4.0,164.0,8.0,10.0,0.0,3.0,1.0,0.0,1.0,0.0,0.0,39.0,39.0,0
28.0,4.0,1435.0,15.0,9.0,2.0,1.0,5.0,4.0,0.0,0.0,0.0,39.0,39.0,1
40.0,4.0,2039.0,15.0,9.0,2.0,4.0,0.0,4.0,1.0,94.0,0.0,44.0,39.0,1
1.0,4.0,245.0,11.0,8.0,4.0,1.0,1.0,4.0,0.0,0.0,0.0,24.0,39.0,0
52.0,6.0,1923.0,9.0,12.0,2.0,10.0,0.0,4.0,1.0,111.0,0.0,44.0,39.0,1
35.0,6.0,775.0,11.0,8.0,2.0,5.0,0.0,4.0,1.0,0.0,46.0,59.0,39.0,1
20.0,6.0,99.0,11.0,8.0,2.0,13.0,0.0,4.0,1.0,0.0,0.0,29.0,39.0,0
13.0,1.0,1445.0,15.0,9.0,4.0,1.0,3.0,2.0,0.0,0.0,0.0,39.0,39.0,0
18.0,4.0,277.0,9.0,12.0,3.0,4.0,4.0,4.0,0.0,0.0,0.0,39.0,39.0,0
11.0,4.0,1612.0,15.0,9.0,4.0,13.0,3.0,2.0,1.0,0.0,0.0,23.0,39.0,0
34.0,4.0,3577.0,15.0,9.0,2.0,12.0,0.0,4.0,1.0,0.0,50.0,39.0,39.0,1
27.0,4.0,2570.0,14.0,14.0,4.0,10.0,1.0,4.0,1.0,105.0,0.0,39.0,39.0,1
39.0,6.0,1044.0,15.0,9.0,3.0,5.0,1.0,4.0,0.0,115.0,0.0,19.0,39.0,1
38.0,4.0,121.0,15.0,9.0,0.0,10.0,1.0,4.0,0.0,0.0,0.0,39.0,39.0,0
11.0,4.0,933.0,8.0,10.0,2.0,10.0,0.0,4.0,1.0,118.0,0.0,49.0,39.0,1
45.0,7.0,620.0,12.0,13.0,2.0,10.0,0.0,4.0,1.0,0.0,0.0,59.0,39.0,1
19.0,4.0,393.0,2.0,7.0,2.0,14.0,0.0,4.0,1.0,0.0,0.0,39.0,39.0,0
7.0,4.0,611.0,1.0,6.0,4.0,6.0,1.0,4.0,1.0,0.0,0.0,39.0,39.0,0
12.0,4.0,342.0,11.0,8.0,4.0,8.0,1.0,4.0,0.0,0.0,0.0,37.0,39.0,0
36.0,4.0,408.0,7.0,11.0,2.0,4.0,0.0,4.0,1.0,108.0,0.0,39.0,39.0,1
25.0,4.0,3126.0,14.0,14.0,2.0,10.0,0.0,4.0,1.0,91.0,0.0,34.0,39.0,1
43.0,1.0,46.0,15.0,9.0,0.0,10.0,1.0,0.0,0.0,0.0,0.0,39.0,39.0,0
18.0,4.0,301.0,15.0,9.0,2.0,3.0,0.0,4.0,1.0,66.0,0.0,34.0,39.0,0
37.0,7.0,1254.0,11.0,8.0,5.0,4.0,4.0,4.0,0.0,0.0,0.0,37.0,39.0,0
0.0,4.0,453.0,0.0,5.0,4.0,8.0,3.0,4.0,0.0,0.0,0.0,29.0,39.0,0
6.0,4.0,1678.0,6.0,4.0,5.0,8.0,1.0,4.0,1.0,0.0,0.0,39.0,39.0,0
15.0,6.0,264.0,15.0,9.0,2.0,12.0,0.0,0.0,1.0,0.0,0.0,59.0,39.0,0
2.0,0.0,2014.0,15.0,9.0,4.0,0.0,3.0,4.0,1.0,0.0,0.0,34.0,39.0,0
23.0,4.0,3194.0,9.0,12.0,2.0,4.0,0.0,4.0,1.0,108.0,0.0,49.0,39.0,1
20.0,5.0,4454.0,0.0,5.0,4.0,14.0,1.0,4.0,1.0,0.0,83.0,49.0,39.0,1
5.0,4.0,979.0,7.0,11.0,4.0,8.0,4.0,4.0,0.0,0.0,0.0,34.0,39.0,0
22.0,2.0,3088.0,11.0,8.0,0.0,3.0,1.0,4.0,1.0,0.0,45.0,39.0,39.0,0
6.0,4.0,1.0,15.0,9.0,2.0,7.0,0.0,0.0,1.0,0.0,0.0,29.0,39.0,0
20.0,7.0,314.0,11.0,8.0,2.0,7.0,0.0,4.0,1.0,0.0,0.0,39.0,39.0,1
25.0,4.0,20639.0,15.0,9.0,2.0,14.0,0.0,2.0,1.0,94.0,0.0,44.0,39.0,1
20.0,4.0,733.0,15.0,9.0,2.0,3.0,0.0,4.0,1.0,0.0,0.0,34.0,39.0,0
24.0,1.0,889.0,12.0,13.0,2.0,4.0,0.0,4.0,1.0,0.0,44.0,39.0,39.0,1
14.0,2.0,1543.0,15.0,9.0,4.0,1.0,3.0,0.0,0.0,0.0,0.0,24.0,39.0,0
54.0,4.0,1822.0,5.0,3.0,6.0,14.0,1.0,4.0,1.0,0.0,0.0,9.0,39.0,0
3.0,0.0,1120.0,15.0,9.0,4.0,0.0,3.0,4.0,1.0,0.0,0.0,19.0,39.0,0
28.0,6.0,297.0,9.0,12.0,2.0,5.0,0.0,4.0,1.0,0.0,17.0,68.0,39.0,1
55.0,0.0,5498.0,10.0,15.0,2.0,0.0,0.0,4.0,1.0,0.0,75.0,5.0,39.0,1
11.0,4.0,2219.0,0.0,5.0,4.0,8.0,4.0,4.0,0.0,0.0,0.0,14.0,39.0,0
23.0,7.0,503.0,9.0,12.0,2.0,4.0,5.0,4.0,0.0,0.0,0.0,19.0,39.0,0
31.0,4.0,4459.0,14.0,14.0,2.0,4.0,0.0,4.0,1.0,118.0,0.0,49.0,39.0,1
15.0,4.0,738.0,11.0,8.0,4.0,14.0,3.0,4.0,1.0,0.0,0.0,39.0,39.0,0
37.0,4.0,3802.0,10.0,15.0,2.0,10.0,0.0,4.0,1.0,108.0,0.0,44.0,39.0,1
6.0,4.0,253.0,8.0,10.0,4.0,7.0,1.0,4.0,1.0,0.0,0.0,39.0,39.0,0
25.0,1.0,1654.0,12.0,13.0,2.0,10.0,0.0,4.0,1.0,0.0,47.0,39.0,39.0,1
13.0,6.0,630.0,11.0,8.0,4.0,3.0,1.0,4.0,1.0,0.0,0.0,39.0,39.0,0
6.0,4.0,1486.0,11.0,8.0,4.0,6.0,2.0,2.0,1.0,0.0,0.0,39.0,39.0,0
22.0,4.0,157.0,15.0,9.0,2.0,12.0,0.0,4.0,1.0,0.0,0.0,54.0,39.0,0
7.0,4.0,1410.0,11.0,8.0,4.0,8.0,4.0,4.0,0.0,0.0,0.0,31.0,39.0,0
10.0,4.0,880.0,9.0,12.0,4.0,12.0,1.0,4.0,0.0,0.0,0.0,39.0,39.0,0
15.0,4.0,935.0,15.0,9.0,0.0,1.0,4.0,4.0,0.0,0.0,0.0,37.0,39.0,0
48.0,4.0,4318.0,9.0,12.0,2.0,4.0,0.0,4.0,1.0,118.0,0.0,39.0,39.0,1
19.0,4.0,1937.0,4.0,2.0,4.0,8.0,1.0,4.0,1.0,0.0,0.0,34.0,39.0,0
25.0,5.0,223.0,12.0,13.0,2.0,5.0,0.0,4.0,1.0,0.0,0.0,59.0,39.0,1
23.0,4.0,2381.0,13.0,0.0,4.0,8.0,1.0,4.0,0.0,0.0,0.0,19.0,39.0,0
25.0,4.0,66.0,11.0,8.0,4.0,8.0,1.0,4.0,0.0,0.0,0.0,39.0,39.0,0
9.0,4.0,1917.0,9.0,12.0,4.0,1.0,1.0,4.0,0.0,0.0,0.0,19.0,39.0,0
8.0,6.0,950.0,9.0,12.0,2.0,4.0,5.0,4.0,0.0,0.0,0.0,39.0,39.0,0
19.0,2.0,1639.0,10.0,15.0,2.0,10.0,0.0,4.0,1.0,0.0,46.0,49.0,39.0,1
20.0,4.0,4533.0,12.0,13.0,2.0,4.0,0.0,4.0,1.0,108.0,0.0,44.0,39.0,1
44.0,0.0,1201.0,9.0,12.0,4.0,0.0,1.0,4.0,1.0,0.0,0.0,6.0,39.0,1
33.0,7.0,104.0,9.0,12.0,2.0,4.0,0.0,4.0,1.0,0.0,0.0,37.0,39.0,1
33.0,4.0,54.0,12.0,13.0,2.0,10.0,0.0,4.0,1.0,94.0,0.0,49.0,39.0,1
8.0,4.0,1520.0,11.0,8.0,4.0,12.0,4.0,4.0,0.0,0.0,0.0,39.0,39.0,0
51.0,0.0,985.0,3.0,1.0,0.0,0.0,1.0,4.0,0.0,0.0,0.0,19.0,39.0,0
2.0,1.0,239.0,2.0,7.0,4.0,8.0,3.0,4.0,0.0,0.0,0.0,29.0,39.0,0
7.0,4.0,910.0,15.0,9.0,4.0,3.0,1.0,4.0,1.0,0.0,0.0,39.0,39.0,0
20.0,4.0,4196.0,9.0,12.0,2.0,10.0,0.0,4.0,1.0,94.0,0.0,38.0,39.0,1
57.0,0.0,381.0,5.0,3.0,2.0,0.0,0.0,4.0,1.0,0.0,0.0,1.0,39.0,0
11.0,7.0,923.0,9.0,12.0,4.0,10.0,3.0,4.0,1.0,0.0,0.0,15.0,39.0,0
8.0,4.0,1102.0,9.0,12.0,4.0,10.0,1.0,4.0,1.0,60.0,0.0,29.0,39.0,0
20.0,1.0,53.0,9.0,12.0,2.0,1.0,0.0,1.0,1.0,91.0,0.0,39.0,30.0,1
9.0,4.0,1143.0,11.0,8.0,4.0,8.0,1.0,4.0,0.0,0.0,0.0,34.0,39.0,0
3.0,0.0,1942.0,15.0,9.0,4.0,0.0,3.0,4.0,1.0,0.0,0.0,14.0,39.0,0
33.0,6.0,432.0,12.0,13.0,2.0,5.0,0.0,4.0,1.0,34.0,0.0,92.0,39.0,0
16.0,4.0,1263.0,11.0,8.0,0.0,6.0,3.0,4.0,1.0,0.0,0.0,19.0,39.0,0
0.0,4.0,1381.0,1.0,6.0,4.0,9.0,3.0,4.0,0.0,0.0,0.0,23.0,39.0,0
7.0,4.0,991.0,15.0,9.0,4.0,3.0,1.0,4.0,1.0,0.0,0.0,39.0,39.0,0
14.0,4.0,5.0,7.0,11.0,4.0,1.0,1.0,4.0,1.0,27.0,0.0,37.0,39.0,0
30.0,4.0,47.0,12.0,13.0,4.0,10.0,1.0,4.0,0.0,0.0,0.0,24.0,39.0,0
1.0,4.0,529.0,2.0,7.0,4.0,1.0,3.0,4.0,0.0,0.0,0.0,19.0,39.0,0
3.0,4.0,723.0,15.0,9.0,4.0,12.0,3.0,4.0,1.0,0.0,0.0,19.0,39.0,0
0.0,4.0,137.0,0.0,5.0,4.0,8.0,3.0,4.0,1.0,0.0,0.0,15.0,39.0,0
5.0,4.0,94.0,11.0,8.0,4.0,1.0,1.0,4.0,1.0,0.0,0.0,39.0,39.0,0
16.0,4.0,6648.0,15.0,9.0,4.0,1.0,3.0,4.0,0.0,118.0,0.0,29.0,39.0,1
6.0,4.0,972.0,1.0,6.0,4.0,8.0,2.0,4.0,1.0,0.0,0.0,39.0,30.0,0
15.0,4.0,4097.0,7.0,11.0,2.0,10.0,0.0,4.0,1.0,0.0,53.0,41.0,39.0,0
5.0,4.0,2139.0,15.0,9.0,4.0,1.0,3.0,4.0,0.0,0.0,0.0,36.0,39.0,0
16.0,6.0,699.0,11.0,8.0,4.0,8.0,1.0,4.0,0.0,0.0,0.0,34.0,39.0,0
10.0,7.0,40.0,7.0,11.0,4.0,1.0,1.0,4.0,0.0,0.0,0.0,39.0,11.0,0
2.0,4.0,567.0,15.0,9.0,4.0,8.0,3.0,4.0,1.0,0.0,0.0,19.0,39.0,0
3.0,4.0,758.0,15.0,9.0,4.0,4.0,1.0,2.0,1.0,0.0,0.0,46.0,39.0,0
13.0,7.0,1336.0,11.0,8.0,1.0,1.0,3.0,4.0,0.0,0.0,0.0,37.0,39.0,0
11.0,2.0,162.0,11.0,8.0,4.0,4.0,4.0,0.0,0.0,0.0,0.0,34.0,39.0,0
19.0,4.0,99.0,11.0,8.0,2.0,3.0,0.0,4.0,1.0,50.0,0.0,39.0,39.0,1
7.0,4.0,749.0,8.0,10.0,4.0,14.0,1.0,4.0,1.0,0.0,0.0,39.0,39.0,0
72.0,0.0,1073.0,11.0,8.0,6.0,0.0,1.0,4.0,1.0,2.0,0.0,3.0,39.0,0
6.0,4.0,168.0,11.0,8.0,4.0,1.0,3.0,4.0,0.0,0.0,0.0,39.0,39.0,0
8.0,4.0,655.0,11.0,8.0,4.0,6.0,1.0,4.0,1.0,0.0,0.0,44.0,39.0,0
62.0,5.0,3648.0,2.0,7.0,6.0,12.0,1.0,4.0,1.0,110.0,0.0,44.0,39.0,1
6.0,7.0,653.0,9.0,12.0,2.0,13.0,0.0,4.0,1.0,0.0,0.0,37.0,39.0,0
15.0,4.0,1527.0,15.0,9.0,4.0,12.0,3.0,4.0,1.0,0.0,0.0,34.0,39.0,0
25.0,5.0,78.0,12.0,13.0,0.0,4.0,4.0,1.0,1.0,0.0,63.0,59.0,19.0,1
20.0,4.0,410.0,1.0,6.0,4.0,14.0,1.0,4.0,1.0,0.0,0.0,59.0,39.0,1
28.0,4.0,274.0,11.0,8.0,2.0,1.0,0.0,4.0,1.0,0.0,0.0,6.0,39.0,0
11.0,7.0,6.0,15.0,9.0,4.0,1.0,1.0,4.0,0.0,0.0,0.0,37.0,39.0,0
2.0,0.0,1147.0,15.0,9.0,4.0,0.0,3.0,4.0,1.0,0.0,0.0,9.0,39.0,0
24.0,4.0,3991.0,12.0,13.0,2.0,10.0,0.0,4.0,1.0,108.0,0.0,49.0,39.0,1
6.0,4.0,1355.0,9.0,12.0,4.0,10.0,1.0,4.0,0.0,0.0,0.0,24.0,39.0,0
16.0,7.0,507.0,15.0,9.0,4.0,8.0,3.0,4.0,1.0,0.0,0.0,39.0,39.0,0
46.0,6.0,651.0,5.0,3.0,2.0,3.0,0.0,4.0,1.0,0.0,0.0,39.0,39.0,0
10.0,4.0,648.0,15.0,9.0,0.0,1.0,4.0,4.0,0.0,0.0,0.0,39.0,39.0,0
19.0,6.0,308.0,7.0,11.0,0.0,12.0,4.0,4.0,0.0,0.0,0.0,34.0,39.0,0
3.0,4.0,214.0,15.0,9.0,4.0,4.0,3.0,4.0,0.0,0.0,0.0,19.0,39.0,0
1.0,0.0,286.0,15.0,9.0,4.0,0.0,3.0,4.0,0.0,0.0,0.0,19.0,39.0,0
1.0,4.0,1210.0,15.0,9.0,4.0,8.0,3.0,4.0,1.0,0.0,0.0,19.0,39.0,0
29.0,7.0,255.0,7.0,11.0,2.0,13.0,0.0,4.0,1.0,0.0,0.0,37.0,39.0,1
3.0,6.0,1727.0,15.0,9.0,4.0,3.0,1.0,4.0,0.0,0.0,0.0,34.0,39.0,0
36.0,4.0,1438.0,11.0,8.0,2.0,14.0,0.0,4.0,1.0,0.0,47.0,39.0,39.0,1
10.0,4.0,384.0,9.0,12.0,4.0,13.0,1.0,4.0,0.0,0.0,0.0,39.0,39.0,0
8.0,4.0,359.0,15.0,9.0,2.0,14.0,0.0,4.0,1.0,0.0,0.0,37.0,39.0,0
7.0,4.0,740.0,15.0,9.0,4.0,13.0,1.0,4.0,0.0,0.0,0.0,36.0,39.0,0
22.0,4.0,2743.0,12.0,13.0,2.0,4.0,0.0,1.0,1.0,108.0,0.0,39.0,39.0,1
36.0,2.0,30.0,11.0,8.0,2.0,4.0,0.0,0.0,1.0,0.0,0.0,47.0,39.0,0
12.0,4.0,720.0,11.0,8.0,4.0,8.0,3.0,4.0,1.0,0.0,0.0,37.0,39.0,0
50.0,5.0,2507.0,11.0,8.0,2.0,4.0,0.0,4.0,1.0,98.0,0.0,49.0,39.0,1
8.0,4.0,2006.0,15.0,9.0,4.0,1.0,3.0,4.0,0.0,0.0,0.0,29.0,39.0,0
32.0,4.0,543.0,11.0,8.0,2.0,4.0,5.0,4.0,0.0,0.0,0.0,42.0,39.0,0
10.0,4.0,1368.0,9.0,12.0,4.0,13.0,1.0,4.0,0.0,0.0,0.0,14.0,39.0,0
10.0,4.0,718.0,8.0,10.0,4.0,10.0,1.0,4.0,0.0,0.0,45.0,35.0,2.0,0
24.0,4.0,691.0,11.0,8.0,4.0,6.0,1.0,4.0,1.0,0.0,0.0,39.0,39.0,0
27.0,4.0,326.0,15.0,9.0,4.0,8.0,1.0,4.0,0.0,0.0,0.0,39.0,39.0,0
34.0,5.0,3750.0,11.0,8.0,0.0,4.0,1.0,4.0,1.0,105.0,0.0,39.0,39.0,1
18.0,4.0,382.0,15.0,9.0,2.0,6.0,0.0,4.0,1.0,0.0,0.0,39.0,39.0,0
34.0,4.0,1972.0,11.0,8.0,2.0,1.0,5.0,4.0,0.0,0.0,0.0,19.0,39.0,0
42.0,4.0,44.0,11.0,8.0,6.0,8.0,1.0,4.0,0.0,0.0,0.0,9.0,39.0,0
10.0,7.0,526.0,15.0,9.0,4.0,13.0,3.0,4.0,0.0,0.0,0.0,76.0,39.0,0
1.0,4.0,2686.0,15.0,9.0,4.0,1.0,3.0,4.0,1.0,0.0,25.0,14.0,39.0,0
6.0,4.0,253.0,11.0,8.0,2.0,8.0,0.0,4.0,1.0,0.0,0.0,39.0,39.0,0
43.0,4.0,3450.0,9.0,12.0,2.0,4.0,0.0,4.0,1.0,108.0,0.0,44.0,39.0,1
2.0,4.0,2328.0,6.0,4.0,4.0,6.0,3.0,4.0,1.0,0.0,0.0,24.0,39.0,0
23.0,6.0,441.0,8.0,10.0,2.0,5.0,0.0,4.0,1.0,0.0,0.0,59.0,39.0,0
4.0,2.0,1008.0,15.0,9.0,4.0,1.0,3.0,4.0,1.0,0.0,0.0,39.0,39.0,0
27.0,4.0,532.0,15.0,9.0,2.0,13.0,0.0,4.0,1.0,0.0,0.0,17.0,39.0,1
45.0,0.0,497.0,11.0,8.0,2.0,0.0,0.0,4.0,1.0,0.0,0.0,17.0,39.0,0
6.0,5.0,1075.0,11.0,8.0,4.0,14.0,1.0,4.0,1.0,0.0,0.0,49.0,39.0,0
1.0,4.0,865.0,11.0,8.0,4.0,3.0,3.0,4.0,1.0,0.0,0.0,24.0,39.0,0
44.0,0.0,421.0,5.0,3.0,2.0,0.0,0.0,4.0,1.0,0.0,0.0,39.0,39.0,1
19.0,4.0,760.0,7.0,11.0,0.0,8.0,4.0,4.0,0.0,0.0,0.0,36.0,39.0,0
18.0,7.0,820.0,15.0,9.0,0.0,1.0,4.0,4.0,0.0,0.0,0.0,14.0,39.0,0
43.0,4.0,129.0,15.0,9.0,5.0,14.0,1.0,0.0,0.0,0.0,0.0,29.0,39.0,0
2.0,6.0,843.0,15.0,9.0,4.0,3.0,3.0,4.0,1.0,0.0,0.0,19.0,39.0,0
16.0,1.0,178.0,8.0,10.0,2.0,13.0,0.0,4.0,1.0,0.0,0.0,39.0,39.0,1
11.0,4.0,1963.0,9.0,12.0,2.0,1.0,2.0,4.0,0.0,0.0,0.0,14.0,39.0,0
16.0,4.0,488.0,7.0,11.0,0.0,7.0,4.0,0.0,0.0,0.0,0.0,39.0,39.0,0
5.0,0.0,586.0,15.0,9.0,4.0,0.0,3.0,4.0,1.0,0.0,0.0,49.0,39.0,0
6.0,4.0,1563.0,15.0,9.0,4.0,9.0,3.0,4.0,0.0,0.0,0.0,9.0,39.0,0
18.0,4.0,857.0,9.0,12.0,2.0,4.0,0.0,4.0,1.0,68.0,0.0,46.0,39.0,1
37.0,4.0,385.0,1.0,6.0,2.0,8.0,5.0,4.0,0.0,0.0,0.0,42.0,39.0,0
11.0,4.0,5536.0,9.0,12.0,2.0,4.0,5.0,4.0,0.0,108.0,0.0,27.0,39.0,1
37.0,4.0,4237.0,15.0,9.0,2.0,12.0,0.0,4.0,1.0,108.0,0.0,39.0,39.0,1
30.0,4.0,67.0,11.0,8.0,0.0,8.0,1.0,4.0,0.0,0.0,0.0,39.0,39.0,0
6.0,4.0,71.0,2.0,7.0,4.0,6.0,3.0,0.0,1.0,0.0,0.0,39.0,39.0,0
13.0,0.0,673.0,9.0,12.0,4.0,0.0,1.0,1.0,0.0,0.0,0.0,93.0,39.0,0
20.0,4.0,992.0,15.0,9.0,4.0,1.0,1.0,4.0,0.0,0.0,0.0,39.0,39.0,0
27.0,4.0,2549.0,15.0,9.0,2.0,3.0,0.0,4.0,1.0,79.0,0.0,49.0,39.0,1
28.0,4.0,3912.0,11.0,8.0,0.0,8.0,1.0,4.0,1.0,0.0,51.0,39.0,39.0,0
31.0,4.0,2937.0,11.0,8.0,2.0,10.0,0.0,4.0,1.0,91.0,0.0,39.0,39.0,1
3.0,4.0,3343.0,15.0,9.0,4.0,12.0,3.0,4.0,0.0,0.0,0.0,7.0,39.0,0
15.0,5.0,2718.0,15.0,9.0,2.0,4.0,0.0,4.0,1.0,108.0,0.0,49.0,39.0,1
32.0,5.0,1928.0,15.0,9.0,2.0,4.0,0.0,4.0,1.0,108.0,0.0,49.0,39.0,1
24.0,4.0,369.0,11.0,8.0,2.0,3.0,0.0,4.0,1.0,0.0,0.0,51.0,39.0,1
29.0,1.0,35.0,9.0,12.0,2.0,4.0,0.0,4.0,1.0,108.0,0.0,39.0,39.0,1
21.0,5.0,3794.0,9.0,12.0,2.0,4.0,0.0,4.0,1.0,108.0,0.0,76.0,39.0,1
26.0,4.0,5196.0,12.0,13.0,0.0,4.0,4.0,4.0,0.0,0.0,82.0,39.0,39.0,1
9.0,4.0,765.0,11.0,8.0,4.0,4.0,1.0,4.0,0.0,0.0,0.0,39.0,39.0,0
14.0,4.0,1246.0,9.0,12.0,2.0,10.0,5.0,4.0,0.0,0.0,0.0,34.0,39.0,0
14.0,7.0,2674.0,13.0,0.0,4.0,8.0,1.0,4.0,1.0,0.0,0.0,23.0,39.0,0
29.0,4.0,803.0,5.0,3.0,5.0,8.0,1.0,4.0,0.0,0.0,0.0,31.0,39.0,0
59.0,6.0,623.0,12.0,13.0,2.0,10.0,0.0,4.0,1.0,0.0,0.0,29.0,0.0,1
3.0,4.0,1037.0,11.0,8.0,4.0,8.0,3.0,4.0,1.0,0.0,0.0,29.0,39.0,0
6.0,4.0,501.0,11.0,8.0,4.0,1.0,4.0,4.0,0.0,0.0,0.0,39.0,39.0,0
22.0,4.0,15.0,15.0,9.0,0.0,1.0,4.0,0.0,0.0,0.0,0.0,39.0,39.0,0
25.0,4.0,340.0,9.0,12.0,2.0,10.0,0.0,4.0,1.0,0.0,0.0,39.0,39.0,0
9.0,4.0,701.0,15.0,9.0,4.0,11.0,1.0,4.0,1.0,0.0,0.0,43.0,39.0,0
9.0,4.0,1612.0,9.0,12.0,4.0,1.0,1.0,2.0,1.0,0.0,0.0,19.0,39.0,0
13.0,4.0,2749.0,15.0,9.0,0.0,1.0,4.0,4.0,0.0,0.0,0.0,9.0,39.0,0
22.0,4.0,2655.0,9.0,12.0,2.0,4.0,0.0,4.0,1.0,0.0,46.0,49.0,39.0,1
11.0,4.0,1371.0,8.0,10.0,4.0,13.0,3.0,4.0,0.0,25.0,0.0,35.0,39.0,0
3.0,4.0,1002.0,15.0,9.0,4.0,8.0,3.0,4.0,1.0,0.0,0.0,19.0,39.0,0
49.0,6.0,273.0,5.0,3.0,6.0,5.0,4.0,4.0,1.0,0.0,0.0,49.0,39.0,0
34.0,5.0,3873.0,10.0,15.0,2.0,10.0,0.0,4.0,1.0,108.0,0.0,39.0,39.0,1
6.0,4.0,703.0,11.0,8.0,2.0,3.0,0.0,4.0,1.0,0.0,0.0,44.0,39.0,0
23.0,2.0,126.0,15.0,9.0,0.0,14.0,4.0,4.0,1.0,90.0,0.0,39.0,39.0,0
4.0,4.0,1437.0,15.0,9.0,4.0,6.0,3.0,4.0,1.0,0.0,0.0,39.0,39.0,0
18.0,4.0,1329.0,11.0,8.0,4.0,7.0,1.0,4.0,0.0,0.0,0.0,39.0,39.0,0
9.0,4.0,702.0,8.0,10.0,4.0,8.0,1.0,4.0,1.0,0.0,0.0,39.0,39.0,0
21.0,4.0,984.0,9.0,12.0,2.0,4.0,0.0,4.0,1.0,108.0,0.0,64.0,39.0,1
14.0,2.0,1543.0,15.0,9.0,4.0,4.0,3.0,0.0,0.0,0.0,0.0,31.0,39.0,0
26.0,1.0,8284.0,14.0,14.0,2.0,10.0,0.0,1.0,1.0,0.0,76.0,54.0,0.0,1
13.0,4.0,533.0,9.0,12.0,4.0,13.0,1.0,4.0,0.0,0.0,0.0,69.0,39.0,0
22.0,6.0,2197.0,15.0,9.0,2.0,8.0,5.0,4.0,0.0,0.0,0.0,14.0,39.0,1
0.0,4.0,1350.0,1.0,6.0,4.0,8.0,3.0,4.0,1.0,0.0,0.0,4.0,39.0,0
10.0,4.0,513.0,8.0,10.0,4.0,3.0,3.0,4.0,1.0,0.0,0.0,37.0,39.0,0
21.0,4.0,644.0,11.0,8.0,0.0,12.0,4.0,4.0,0.0,0.0,0.0,39.0,39.0,0
5.0,4.0,579.0,15.0,9.0,4.0,8.0,1.0,4.0,0.0,0.0,0.0,29.0,39.0,0
19.0,4.0,301.0,15.0,9.0,2.0,3.0,0.0,4.0,1.0,0.0,0.0,49.0,39.0,0
8.0,4.0,320.0,7.0,11.0,0.0,1.0,1.0,2.0,0.0,0.0,0.0,44.0,39.0,0
28.0,4.0,190.0,11.0,8.0,2.0,10.0,0.0,0.0,1.0,0.0,0.0,7.0,39.0,0
19.0,4.0,643.0,9.0,12.0,2.0,12.0,0.0,4.0,1.0,0.0,46.0,34.0,39.0,1
32.0,6.0,1215.0,10.0,15.0,4.0,10.0,1.0,4.0,1.0,118.0,0.0,68.0,39.0,1
36.0,4.0,3190.0,11.0,8.0,2.0,4.0,0.0,4.0,1.0,118.0,0.0,39.0,39.0,1
22.0,1.0,435.0,6.0,4.0,2.0,7.0,0.0,4.0,1.0,0.0,0.0,39.0,39.0,1
35.0,4.0,5415.0,9.0,12.0,2.0,4.0,0.0,4.0,1.0,118.0,0.0,49.0,39.0,1
24.0,4.0,53.0,9.0,12.0,2.0,4.0,0.0,1.0,1.0,0.0,0.0,39.0,24.0,1
31.0,4.0,4573.0,9.0,12.0,2.0,13.0,5.0,4.0,0.0,118.0,0.0,39.0,39.0,1
42.0,4.0,5774.0,14.0,14.0,2.0,10.0,0.0,1.0,1.0,118.0,0.0,39.0,19.0,1
30.0,6.0,167.0,8.0,10.0,2.0,12.0,0.0,4.0,1.0,0.0,0.0,39.0,39.0,1
1.0,4.0,1877.0,1.0,6.0,4.0,12.0,3.0,4.0,1.0,0.0,0.0,15.0,39.0,0
18.0,4.0,206.0,11.0,8.0,5.0,1.0,1.0,4.0,0.0,0.0,0.0,39.0,39.0,0
34.0,4.0,54.0,12.0,13.0,2.0,10.0,0.0,4.0,1.0,0.0,47.0,59.0,39.0,1
45.0,4.0,4629.0,9.0,12.0,2.0,4.0,0.0,4.0,1.0,108.0,0.0,39.0,39.0,1
5.0,7.0,1428.0,15.0,9.0,2.0,8.0,0.0,4.0,1.0,0.0,0.0,24.0,39.0,0
29.0,4.0,788.0,0.0,5.0,0.0,1.0,3.0,2.0,1.0,0.0,0.0,39.0,39.0,0
24.0,7.0,4603.0,11.0,8.0,4.0,14.0,1.0,4.0,0.0,106.0,0.0,39.0,39.0,1
8.0,0.0,722.0,15.0,9.0,4.0,0.0,1.0,4.0,1.0,0.0,0.0,39.0,39.0,0
20.0,4.0,4625.0,12.0,13.0,5.0,4.0,1.0,4.0,1.0,115.0,0.0,59.0,20.0,1
13.0,4.0,5.0,15.0,9.0,2.0,10.0,0.0,4.0,1.0,94.0,0.0,39.0,39.0,1
4.0,4.0,31.0,11.0,8.0,4.0,12.0,3.0,4.0,0.0,67.0,0.0,39.0,39.0,0
26.0,4.0,790.0,15.0,9.0,0.0,1.0,4.0,4.0,0.0,0.0,0.0,39.0,39.0,0
30.0,6.0,628.0,7.0,11.0,4.0,5.0,2.0,4.0,1.0,100.0,0.0,44.0,39.0,1
32.0,4.0,311.0,15.0,9.0,0.0,8.0,1.0,4.0,0.0,0.0,0.0,39.0,39.0,0
4.0,4.0,2295.0,15.0,9.0,4.0,12.0,3.0,4.0,0.0,0.0,0.0,19.0,39.0,0
2.0,0.0,294.0,15.0,9.0,4.0,0.0,3.0,4.0,0.0,0.0,0.0,39.0,39.0,0
21.0,4.0,4020.0,15.0,9.0,5.0,7.0,1.0,4.0,1.0,0.0,69.0,54.0,39.0,1
9.0,4.0,898.0,8.0,10.0,2.0,3.0,0.0,4.0,1.0,0.0,53.0,39.0,39.0,0
16.0,6.0,116.0,15.0,9.0,2.0,3.0,0.0,4.0,1.0,0.0,0.0,59.0,39.0,0
5.0,4.0,1572.0,15.0,9.0,4.0,12.0,1.0,4.0,0.0,0.0,0.0,39.0,39.0,0
3.0,0.0,139.0,15.0,9.0,4.0,0.0,3.0,4.0,0.0,0.0,0.0,39.0,39.0,0
37.0,4.0,65.0,15.0,9.0,2.0,14.0,0.0,4.0,1.0,108.0,0.0,59.0,39.0,1
50.0,0.0,913.0,5.0,3.0,2.0,0.0,0.0,4.0,1.0,0.0,0.0,3.0,39.0,0
6.0,4.0,2906.0,15.0,9.0,4.0,1.0,3.0,4.0,0.0,0.0,0.0,15.0,39.0,0
21.0,4.0,55.0,15.0,9.0,0.0,4.0,1.0,4.0,1.0,0.0,0.0,49.0,39.0,0
30.0,4.0,1382.0,15.0,9.0,2.0,1.0,5.0,4.0,0.0,0.0,0.0,39.0,39.0,0
2.0,4.0,833.0,15.0,9.0,4.0,6.0,1.0,4.0,0.0,0.0,0.0,34.0,39.0,0
14.0,4.0,2460.0,9.0,12.0,4.0,4.0,1.0,4.0,1.0,105.0,0.0,49.0,39.0,1
5.0,4.0,349.0,2.0,7.0,4.0,5.0,1.0,0.0,1.0,0.0,0.0,49.0,39.0,0
47.0,5.0,1955.0,10.0,15.0,2.0,4.0,0.0,4.0,1.0,0.0,47.0,59.0,39.0,1
1.0,0.0,161.0,1.0,6.0,4.0,0.0,3.0,4.0,1.0,0.0,0.0,69.0,39.0,0
3.0,4.0,610.0,8.0,10.0,4.0,5.0,3.0,4.0,1.0,0.0,0.0,39.0,39.0,0
37.0,1.0,2571.0,11.0,8.0,2.0,4.0,0.0,4.0,1.0,79.0,0.0,39.0,39.0,1
21.0,4.0,1233.0,9.0,12.0,2.0,10.0,0.0,4.0,1.0,91.0,0.0,59.0,39.0,1
28.0,4.0,628.0,8.0,10.0,2.0,12.0,0.0,4.0,1.0,0.0,50.0,49.0,39.0,1
30.0,5.0,2756.0,14.0,14.0,0.0,10.0,1.0,4.0,1.0,115.0,0.0,49.0,39.0,1
56.0,4.0,168.0,5.0,3.0,2.0,12.0,0.0,4.0,1.0,0.0,0.0,29.0,39.0,1
1.0,4.0,1853.0,15.0,9.0,4.0,11.0,3.0,4.0,0.0,0.0,0.0,19.0,39.0,0
17.0,7.0,16.0,15.0,9.0,3.0,1.0,4.0,1.0,0.0,0.0,0.0,37.0,30.0,0
5.0,4.0,1614.0,15.0,9.0,4.0,3.0,3.0,4.0,1.0,0.0,0.0,29.0,39.0,0
22.0,5.0,5108.0,14.0,14.0,2.0,10.0,0.0,4.0,1.0,118.0,0.0,64.0,39.0,1
0.0,4.0,1686.0,6.0,4.0,4.0,8.0,3.0,4.0,0.0,0.0,0.0,34.0,39.0,0
55.0,0.0,315.0,1.0,6.0,6.0,0.0,1.0,4.0,0.0,0.0,0.0,23.0,39.0,0
4.0,4.0,656.0,15.0,9.0,4.0,1.0,3.0,4.0,0.0,0.0,0.0,24.0,39.0,0
2.0,4.0,1001.0,15.0,9.0,4.0,5.0,3.0,4.0,1.0,0.0,0.0,65.0,39.0,0
31.0,7.0,463.0,15.0,9.0,2.0,11.0,0.0,4.0,1.0,0.0,47.0,39.0,39.0,1
22.0,4.0,2398.0,9.0,12.0,2.0,14.0,0.0,4.0,1.0,108.0,0.0,93.0,39.0,1
46.0,2.0,313.0,5.0,3.0,2.0,8.0,0.0,4.0,1.0,0.0,0.0,54.0,39.0,0
5.0,4.0,761.0,11.0,8.0,4.0,8.0,3.0,4.0,0.0,0.0,0.0,34.0,39.0,0
6.0,4.0,1678.0,9.0,12.0,4.0,12.0,1.0,4.0,1.0,0.0,25.0,11.0,39.0,0
47.0,2.0,531.0,5.0,3.0,2.0,11.0,0.0,4.0,1.0,0.0,0.0,9.0,39.0,0
0.0,4.0,1408.0,1.0,6.0,4.0,10.0,3.0,4.0,0.0,0.0,0.0,19.0,39.0,0
16.0,2.0,1247.0,12.0,13.0,2.0,10.0,0.0,4.0,1.0,94.0,0.0,49.0,39.0,1
5.0,4.0,482.0,9.0,12.0,2.0,1.0,3.0,0.0,0.0,43.0,0.0,24.0,39.0,0
19.0,4.0,319.0,15.0,9.0,2.0,12.0,0.0,4.0,1.0,0.0,0.0,44.0,39.0,0
6.0,4.0,1295.0,15.0,9.0,5.0,12.0,3.0,4.0,0.0,0.0,0.0,39.0,39.0,0
13.0,4.0,331.0,15.0,9.0,4.0,1.0,2.0,4.0,0.0,0.0,0.0,19.0,39.0,0
17.0,6.0,131.0,11.0,8.0,2.0,5.0,0.0,4.0,1.0,0.0,0.0,76.0,39.0,0
23.0,4.0,9143.0,12.0,13.0,0.0,10.0,1.0,4.0,1.0,0.0,0.0,42.0,39.0,0
21.0,4.0,314.0,1.0,6.0,2.0,12.0,0.0,4.0,1.0,0.0,0.0,49.0,39.0,0
65.0,0.0,1184.0,0.0,5.0,6.0,0.0,1.0,4.0,1.0,0.0,0.0,19.0,39.0,0
72.0,0.0,2649.0,11.0,8.0,6.0,0.0,1.0,4.0,0.0,0.0,91.0,39.0,39.0,0
8.0,4.0,296.0,8.0,10.0,2.0,3.0,0.0,4.0,1.0,0.0,0.0,39.0,39.0,0
46.0,5.0,993.0,15.0,9.0,6.0,12.0,1.0,4.0,0.0,105.0,0.0,59.0,39.0,1
4.0,4.0,214.0,15.0,9.0,4.0,1.0,3.0,4.0,0.0,0.0,0.0,11.0,39.0,0
0.0,4.0,1664.0,0.0,5.0,4.0,8.0,3.0,4.0,0.0,0.0,0.0,5.0,39.0,0
4.0,4.0,579.0,11.0,8.0,4.0,8.0,1.0,4.0,0.0,0.0,33.0,15.0,39.0,0
36.0,6.0,3879.0,12.0,13.0,2.0,4.0,0.0,4.0,1.0,0.0,50.0,39.0,39.0,1
21.0,4.0,367.0,9.0,12.0,2.0,4.0,0.0,4.0,1.0,0.0,0.0,44.0,39.0,1
12.0,4.0,2866.0,14.0,14.0,4.0,10.0,4.0,4.0,1.0,115.0,0.0,44.0,11.0,1
7.0,4.0,1438.0,1.0,6.0,4.0,8.0,1.0,2.0,0.0,0.0,0.0,39.0,39.0,0
31.0,2.0,470.0,15.0,9.0,2.0,4.0,5.0,4.0,0.0,79.0,0.0,39.0,39.0,1
15.0,4.0,1189.0,15.0,9.0,0.0,10.0,1.0,4.0,0.0,0.0,0.0,29.0,39.0,0
3.0,4.0,230.0,11.0,8.0,4.0,6.0,3.0,0.0,1.0,0.0,0.0,47.0,39.0,0
2.0,4.0,1634.0,15.0,9.0,4.0,8.0,3.0,4.0,1.0,0.0,0.0,19.0,39.0,0
39.0,7.0,1734.0,10.0,15.0,2.0,10.0,1.0,1.0,1.0,43.0,0.0,39.0,3.0,0
30.0,4.0,3707.0,12.0,13.0,2.0,10.0,5.0,4.0,0.0,94.0,0.0,39.0,39.0,1
7.0,1.0,358.0,9.0,12.0,4.0,10.0,1.0,3.0,0.0,0.0,0.0,39.0,39.0,0
17.0,6.0,512.0,11.0,8.0,4.0,5.0,1.0,4.0,1.0,0.0,0.0,39.0,39.0,0
20.0,4.0,7878.0,14.0,14.0,2.0,12.0,0.0,4.0,1.0,0.0,0.0,44.0,39.0,1
22.0,4.0,374.0,11.0,8.0,2.0,3.0,0.0,4.0,1.0,0.0,0.0,39.0,39.0,0
5.0,4.0,1223.0,15.0,9.0,2.0,4.0,5.0,4.0,0.0,0.0,0.0,39.0,39.0,0
21.0,4.0,500.0,9.0,12.0,2.0,3.0,5.0,4.0,0.0,0.0,0.0,39.0,39.0,0
7.0,4.0,7.0,11.0,8.0,0.0,12.0,4.0,0.0,0.0,0.0,0.0,47.0,39.0,0
19.0,4.0,4520.0,11.0,8.0,2.0,14.0,0.0,4.0,1.0,0.0,53.0,39.0,39.0,0
54.0,7.0,166.0,14.0,14.0,2.0,8.0,0.0,4.0,1.0,0.0,0.0,27.0,39.0,0
1.0,0.0,871.0,15.0,9.0,4.0,0.0,3.0,4.0,1.0,0.0,0.0,47.0,39.0,0
6.0,4.0,2071.0,11.0,8.0,4.0,3.0,4.0,4.0,1.0,0.0,0.0,39.0,39.0,0
30.0,1.0,768.0,9.0,12.0,2.0,1.0,0.0,4.0,1.0,0.0,0.0,44.0,11.0,1
6.0,4.0,1614.0,11.0,8.0,4.0,14.0,1.0,4.0,1.0,0.0,0.0,37.0,39.0,0
39.0,6.0,187.0,9.0,12.0,2.0,4.0,0.0,4.0,1.0,0.0,0.0,19.0,39.0,1
32.0,6.0,4492.0,11.0,8.0,0.0,4.0,4.0,4.0,0.0,105.0,0.0,29.0,39.0,1
2.0,4.0,239.0,1.0,6.0,4.0,6.0,1.0,4.0,1.0,0.0,0.0,39.0,39.0,0
21.0,4.0,55.0,8.0,10.0,2.0,3.0,0.0,4.0,1.0,0.0,0.0,39.0,39.0,0
8.0,2.0,523.0,9.0,12.0,4.0,1.0,1.0,4.0,0.0,0.0,0.0,39.0,39.0,0
40.0,7.0,1044.0,11.0,8.0,5.0,8.0,1.0,4.0,0.0,0.0,0.0,34.0,39.0,0
22.0,2.0,8054.0,12.0,13.0,2.0,10.0,0.0,4.0,1.0,0.0,0.0,39.0,39.0,1
53.0,2.0,3183.0,12.0,13.0,4.0,10.0,4.0,4.0,0.0,95.0,0.0,49.0,39.0,1
1.0,4.0,1047.0,1.0,6.0,4.0,6.0,3.0,4.0,1.0,0.0,0.0,23.0,39.0,0
23.0,6.0,321.0,15.0,9.0,4.0,7.0,1.0,4.0,1.0,0.0,0.0,34.0,39.0,0
6.0,4.0,976.0,9.0,12.0,4.0,8.0,3.0,4.0,1.0,0.0,0.0,39.0,39.0,0
20.0,5.0,268.0,11.0,8.0,4.0,14.0,1.0,4.0,1.0,0.0,0.0,49.0,39.0,0
4.0,6.0,153.0,15.0,9.0,4.0,5.0,3.0,4.0,1.0,0.0,0.0,39.0,39.0,0
25.0,6.0,691.0,9.0,12.0,4.0,5.0,3.0,4.0,1.0,0.0,0.0,34.0,39.0,0
10.0,4.0,1194.0,15.0,9.0,4.0,8.0,1.0,4.0,1.0,0.0,0.0,24.0,39.0,0
23.0,4.0,2754.0,14.0,14.0,2.0,10.0,0.0,1.0,1.0,118.0,0.0,39.0,0.0,1
2.0,0.0,1618.0,15.0,9.0,4.0,0.0,3.0,4.0,0.0,0.0,0.0,9.0,39.0,0
33.0,1.0,20.0,12.0,13.0,2.0,13.0,0.0,4.0,1.0,0.0,0.0,39.0,39.0,1
11.0,6.0,608.0,2.0,7.0,0.0,8.0,4.0,4.0,0.0,0.0,0.0,29.0,39.0,0
41.0,6.0,1207.0,15.0,9.0,2.0,5.0,0.0,4.0,1.0,0.0,76.0,39.0,39.0,1
0.0,4.0,587.0,0.0,5.0,4.0,8.0,3.0,4.0,1.0,0.0,0.0,14.0,39.0,0
32.0,2.0,471.0,9.0,12.0,2.0,10.0,0.0,4.0,1.0,0.0,0.0,49.0,39.0,0
32.0,4.0,285.0,15.0,9.0,2.0,4.0,0.0,4.0,1.0,0.0,0.0,44.0,39.0,1
41.0,4.0,1600.0,0.0,5.0,2.0,8.0,5.0,4.0,0.0,0.0,0.0,7.0,39.0,0
37.0,2.0,383.0,11.0,8.0,2.0,4.0,0.0,4.0,1.0,0.0,0.0,55.0,39.0,0
14.0,4.0,243.0,15.0,9.0,2.0,12.0,0.0,1.0,1.0,0.0,0.0,49.0,36.0,0
17.0,4.0,1864.0,15.0,9.0,4.0,8.0,4.0,4.0,0.0,0.0,0.0,39.0,39.0,0
24.0,4.0,3898.0,11.0,8.0,2.0,3.0,0.0,4.0,1.0,94.0,0.0,37.0,39.0,1
18.0,4.0,157.0,11.0,8.0,2.0,3.0,0.0,4.0,1.0,0.0,0.0,39.0,39.0,0
1.0,4.0,1132.0,11.0,8.0,4.0,12.0,3.0,4.0,0.0,0.0,25.0,19.0,39.0,0
48.0,4.0,80.0,9.0,12.0,0.0,1.0,1.0,4.0,0.0,0.0,0.0,39.0,39.0,0
4.0,4.0,2946.0,15.0,9.0,4.0,10.0,3.0,0.0,0.0,0.0,0.0,3.0,39.0,0
34.0,5.0,1740.0,14.0,14.0,0.0,10.0,1.0,4.0,1.0,115.0,0.0,59.0,39.0,1
12.0,4.0,1726.0,15.0,9.0,4.0,12.0,1.0,4.0,1.0,0.0,0.0,29.0,39.0,0
18.0,4.0,209.0,9.0,12.0,5.0,4.0,4.0,4.0,0.0,0.0,0.0,41.0,39.0,0
0.0,0.0,695.0,2.0,7.0,4.0,0.0,3.0,4.0,0.0,0.0,0.0,24.0,39.0,0
10.0,7.0,312.0,9.0,12.0,4.0,10.0,1.0,4.0,1.0,0.0,0.0,8.0,39.0,0
27.0,4.0,1736.0,12.0,13.0,2.0,10.0,0.0,4.0,1.0,91.0,0.0,39.0,39.0,1
10.0,4.0,6.0,15.0,9.0,2.0,6.0,5.0,4.0,0.0,0.0,0.0,34.0,39.0,0
19.0,2.0,2053.0,11.0,8.0,2.0,10.0,0.0,4.0,1.0,108.0,0.0,39.0,39.0,1
25.0,4.0,133.0,15.0,9.0,2.0,3.0,0.0,4.0,1.0,94.0,0.0,39.0,39.0,1
22.0,4.0,1007.0,11.0,8.0,0.0,9.0,4.0,4.0,0.0,0.0,0.0,21.0,39.0,0
27.0,2.0,10305.0,10.0,15.0,2.0,10.0,0.0,4.0,1.0,0.0,0.0,35.0,39.0,1
21.0,7.0,55.0,10.0,15.0,2.0,10.0,0.0,4.0,1.0,0.0,0.0,44.0,39.0,1
1.0,2.0,877.0,2.0,7.0,4.0,10.0,3.0,4.0,1.0,0.0,0.0,29.0,39.0,0
2.0,4.0,2302.0,11.0,8.0,4.0,6.0,3.0,4.0,1.0,0.0,0.0,29.0,39.0,0
2.0,0.0,1314.0,15.0,9.0,4.0,0.0,3.0,4.0,0.0,0.0,0.0,24.0,39.0,0
3.0,4.0,1051.0,15.0,9.0,4.0,10.0,1.0,4.0,0.0,0.0,0.0,29.0,39.0,0
24.0,2.0,51.0,12.0,13.0,0.0,10.0,4.0,4.0,0.0,0.0,0.0,59.0,39.0,0
28.0,1.0,10468.0,12.0,13.0,0.0,4.0,1.0,4.0,1.0,0.0,0.0,39.0,39.0,1
41.0,1.0,402.0,15.0,9.0,6.0,10.0,4.0,0.0,0.0,0.0,0.0,39.0,39.0,0
28.0,4.0,2986.0,8.0,10.0,2.0,4.0,0.0,4.0,1.0,0.0,50.0,49.0,39.0,1
0.0,4.0,211.0,0.0,5.0,4.0,12.0,3.0,4.0,0.0,0.0,0.0,11.0,39.0,0
32.0,0.0,490.0,5.0,3.0,2.0,0.0,0.0,4.0,1.0,0.0,0.0,93.0,39.0,0
6.0,0.0,2079.0,15.0,9.0,4.0,0.0,1.0,4.0,0.0,0.0,0.0,11.0,39.0,0
21.0,4.0,457.0,9.0,12.0,2.0,12.0,0.0,4.0,1.0,91.0,0.0,39.0,39.0,1
15.0,4.0,1362.0,15.0,9.0,0.0,3.0,4.0,4.0,1.0,0.0,0.0,39.0,39.0,0
2.0,4.0,2235.0,15.0,9.0,4.0,12.0,3.0,4.0,0.0,0.0,0.0,8.0,39.0,0
20.0,4.0,879.0,11.0,8.0,4.0,8.0,1.0,4.0,0.0,0.0,0.0,39.0,39.0,0
8.0,4.0,150.0,9.0,12.0,2.0,10.0,0.0,4.0,1.0,0.0,0.0,39.0,39.0,0
46.0,4.0,986.0,11.0,8.0,6.0,1.0,4.0,4.0,0.0,0.0,0.0,39.0,39.0,0
14.0,4.0,499.0,9.0,12.0,4.0,10.0,1.0,4.0,0.0,0.0,0.0,39.0,39.0,0
72.0,4.0,1363.0,9.0,12.0,2.0,12.0,0.0,4.0,1.0,98.0,0.0,14.0,39.0,1
32.0,4.0,72.0,15.0,9.0,6.0,4.0,1.0,4.0,0.0,0.0,0.0,39.0,39.0,1
11.0,4.0,1194.0,11.0,8.0,4.0,6.0,3.0,4.0,1.0,0.0,0.0,39.0,39.0,0
12.0,4.0,119.0,9.0,12.0,0.0,8.0,4.0,3.0,0.0,0.0,0.0,39.0,39.0,0
29.0,4.0,4711.0,12.0,13.0,2.0,10.0,0.0,4.0,1.0,108.0,0.0,49.0,39.0,1
13.0,5.0,2678.0,9.0,12.0,2.0,12.0,0.0,4.0,1.0,94.0,0.0,49.0,39.0,1
33.0,4.0,2578.0,11.0,8.0,2.0,3.0,0.0,4.0,1.0,68.0,0.0,39.0,0.0,0
12.0,6.0,551.0,11.0,8.0,4.0,5.0,1.0,4.0,1.0,0.0,0.0,44.0,39.0,0
4.0,4.0,144.0,8.0,10.0,4.0,7.0,1.0,4.0,1.0,0.0,0.0,29.0,39.0,0
33.0,0.0,88.0,12.0,13.0,3.0,0.0,2.0,4.0,1.0,0.0,0.0,39.0,39.0,0
36.0,4.0,25.0,15.0,9.0,5.0,4.0,4.0,0.0,0.0,0.0,0.0,14.0,39.0,0
5.0,4.0,2547.0,15.0,9.0,4.0,6.0,3.0,4.0,0.0,0.0,0.0,12.0,39.0,0
7.0,4.0,2147.0,5.0,3.0,4.0,12.0,3.0,4.0,1.0,0.0,0.0,39.0,39.0,0
14.0,4.0,3888.0,9.0,12.0,0.0,8.0,1.0,1.0,1.0,118.0,0.0,68.0,39.0,1
39.0,5.0,3733.0,14.0,14.0,2.0,10.0,0.0,4.0,1.0,118.0,0.0,39.0,39.0,1
31.0,4.0,149.0,12.0,13.0,0.0,4.0,1.0,4.0,1.0,118.0,0.0,49.0,39.0,1
11.0,4.0,642.0,1.0,6.0,3.0,8.0,4.0,4.0,0.0,0.0,0.0,34.0,39.0,0
20.0,1.0,570.0,11.0,8.0,2.0,1.0,0.0,4.0,1.0,0.0,0.0,39.0,9.0,1
0.0,4.0,894.0,0.0,5.0,4.0,12.0,3.0,4.0,0.0,0.0,0.0,9.0,39.0,0
44.0,4.0,2820.0,4.0,2.0,2.0,6.0,0.0,1.0,1.0,91.0,0.0,39.0,30.0,1
52.0,4.0,5964.0,4.0,2.0,2.0,7.0,0.0,4.0,1.0,0.0,70.0,39.0,39.0,0
3.0,4.0,1410.0,2.0,7.0,0.0,8.0,1.0,4.0,0.0,0.0,0.0,9.0,39.0,0
17.0,4.0,1336.0,15.0,9.0,0.0,6.0,4.0,4.0,0.0,0.0,0.0,39.0,39.0,0
28.0,4.0,29.0,15.0,9.0,5.0,3.0,1.0,4.0,1.0,0.0,0.0,40.0,39.0,0
28.0,5.0,4530.0,9.0,12.0,2.0,4.0,5.0,1.0,0.0,118.0,0.0,24.0,0.0,1
10.0,2.0,329.0,9.0,12.0,4.0,10.0,4.0,4.0,0.0,0.0,0.0,39.0,39.0,0
16.0,7.0,1234.0,15.0,9.0,2.0,3.0,0.0,4.0,1.0,0.0,0.0,3.0,39.0,0
49.0,4.0,289.0,9.0,12.0,2.0,9.0,2.0,4.0,1.0,0.0,0.0,93.0,39.0,0
0.0,4.0,578.0,0.0,5.0,4.0,5.0,3.0,4.0,1.0,0.0,0.0,19.0,39.0,0
28.0,4.0,1388.0,15.0,9.0,2.0,3.0,0.0,4.0,1.0,0.0,47.0,39.0,0.0,1
25.0,6.0,257.0,8.0,10.0,2.0,4.0,0.0,4.0,1.0,0.0,0.0,59.0,39.0,0
26.0,2.0,3583.0,15.0,9.0,2.0,11.0,0.0,4.0,1.0,0.0,46.0,39.0,39.0,1
2.0,0.0,1049.0,11.0,8.0,4.0,0.0,3.0,4.0,1.0,0.0,0.0,59.0,39.0,0
1.0,0.0,74.0,0.0,5.0,4.0,0.0,3.0,4.0,1.0,0.0,0.0,39.0,39.0,0
5.0,7.0,114.0,15.0,9.0,2.0,1.0,5.0,4.0,0.0,0.0,0.0,19.0,39.0,0
14.0,4.0,617.0,14.0,14.0,4.0,10.0,1.0,4.0,0.0,0.0,0.0,93.0,39.0,0
25.0,2.0,10154.0,12.0,13.0,0.0,10.0,1.0,4.0,1.0,0.0,0.0,39.0,39.0,0
2.0,4.0,1879.0,11.0,8.0,4.0,12.0,3.0,4.0,0.0,0.0,0.0,19.0,39.0,0
14.0,0.0,908.0,7.0,11.0,4.0,0.0,3.0,4.0,0.0,0.0,0.0,24.0,39.0,0
26.0,2.0,756.0,11.0,8.0,2.0,4.0,0.0,3.0,1.0,0.0,46.0,39.0,39.0,1
34.0,1.0,2511.0,10.0,15.0,2.0,10.0,0.0,4.0,1.0,68.0,0.0,51.0,39.0,1
2.0,0.0,181.0,15.0,9.0,4.0,0.0,3.0,4.0,0.0,0.0,0.0,39.0,39.0,0
3.0,0.0,1086.0,15.0,9.0,4.0,0.0,3.0,4.0,1.0,0.0,0.0,55.0,39.0,0
12.0,0.0,1288.0,11.0,8.0,2.0,0.0,5.0,4.0,0.0,0.0,0.0,39.0,39.0,0
29.0,4.0,285.0,11.0,8.0,2.0,14.0,0.0,4.0,1.0,0.0,0.0,39.0,39.0,0
28.0,4.0,176.0,9.0,12.0,2.0,3.0,0.0,4.0,1.0,0.0,0.0,69.0,39.0,1
3.0,4.0,1607.0,11.0,8.0,4.0,11.0,3.0,2.0,1.0,0.0,0.0,39.0,39.0,0
6.0,1.0,1130.0,7.0,11.0,4.0,4.0,4.0,4.0,0.0,0.0,0.0,31.0,39.0,0
2.0,1.0,426.0,11.0,8.0,1.0,12.0,5.0,4.0,0.0,0.0,0.0,39.0,39.0,0
16.0,2.0,668.0,12.0,13.0,2.0,10.0,5.0,4.0,0.0,0.0,0.0,39.0,39.0,0
21.0,4.0,22.0,11.0,8.0,4.0,8.0,3.0,4.0,1.0,0.0,0.0,39.0,39.0,0
3.0,4.0,1178.0,15.0,9.0,4.0,4.0,1.0,4.0,0.0,0.0,0.0,39.0,39.0,0
39.0,2.0,1662.0,10.0,15.0,0.0,10.0,1.0,4.0,0.0,0.0,31.0,37.0,39.0,0
12.0,0.0,12.0,15.0,9.0,0.0,0.0,4.0,4.0,0.0,0.0,0.0,7.0,39.0,0
9.0,4.0,475.0,1.0,6.0,4.0,5.0,1.0,4.0,1.0,0.0,0.0,49.0,39.0,0
49.0,4.0,346.0,11.0,8.0,2.0,12.0,0.0,4.0,1.0,0.0,0.0,49.0,39.0,0
0.0,5.0,2054.0,0.0,5.0,4.0,3.0,3.0,4.0,1.0,0.0,0.0,39.0,39.0,0
5.0,0.0,744.0,15.0,9.0,5.0,0.0,4.0,4.0,0.0,0.0,0.0,24.0,39.0,0
9.0,4.0,550.0,11.0,8.0,4.0,5.0,1.0,4.0,1.0,0.0,0.0,39.0,39.0,0
50.0,0.0,915.0,5.0,3.0,0.0,0.0,1.0,4.0,1.0,0.0,0.0,2.0,39.0,0
45.0,4.0,117.0,6.0,4.0,2.0,4.0,0.0,4.0,1.0,0.0,0.0,39.0,39.0,0
60.0,0.0,304.0,12.0,13.0,2.0,0.0,0.0,4.0,1.0,98.0,0.0,5.0,39.0,1
1.0,4.0,1055.0,2.0,7.0,4.0,8.0,3.0,4.0,0.0,0.0,0.0,31.0,39.0,0
48.0,5.0,2835.0,11.0,8.0,2.0,5.0,0.0,4.0,1.0,0.0,73.0,64.0,39.0,0
5.0,4.0,753.0,15.0,9.0,4.0,12.0,1.0,4.0,0.0,0.0,0.0,29.0,39.0,0
25.0,7.0,1059.0,12.0,13.0,2.0,10.0,5.0,4.0,0.0,0.0,0.0,19.0,39.0,1
6.0,4.0,1316.0,15.0,9.0,4.0,3.0,2.0,4.0,1.0,0.0,0.0,39.0,39.0,0
13.0,4.0,109.0,9.0,12.0,2.0,12.0,0.0,4.0,1.0,0.0,0.0,44.0,39.0,1
30.0,4.0,2057.0,9.0,12.0,2.0,10.0,0.0,4.0,1.0,108.0,0.0,49.0,39.0,1
26.0,7.0,248.0,12.0,13.0,4.0,10.0,1.0,4.0,1.0,0.0,0.0,44.0,39.0,0
2.0,4.0,148.0,2.0,7.0,4.0,8.0,3.0,4.0,0.0,0.0,0.0,19.0,39.0,0
0.0,4.0,687.0,1.0,6.0,4.0,8.0,3.0,4.0,1.0,0.0,0.0,19.0,39.0,0
54.0,4.0,4730.0,11.0,8.0,2.0,12.0,0.0,4.0,1.0,0.0,79.0,51.0,39.0,0
7.0,4.0,38.0,15.0,9.0,4.0,1.0,3.0,4.0,0.0,0.0,0.0,29.0,39.0,0
21.0,4.0,234.0,11.0,8.0,0.0,3.0,4.0,4.0,1.0,0.0,0.0,49.0,39.0,0
9.0,4.0,1113.0,9.0,12.0,4.0,8.0,1.0,4.0,0.0,0.0,0.0,24.0,39.0,0
4.0,4.0,1223.0,15.0,9.0,4.0,12.0,1.0,4.0,0.0,0.0,0.0,39.0,39.0,0
8.0,4.0,1390.0,0.0,5.0,2.0,8.0,5.0,4.0,0.0,0.0,0.0,39.0,39.0,0
0.0,4.0,2008.0,6.0,4.0,4.0,8.0,3.0,4.0,0.0,0.0,0.0,19.0,39.0,0
25.0,6.0,441.0,11.0,8.0,2.0,3.0,0.0,4.0,1.0,0.0,0.0,34.0,39.0,0
10.0,4.0,335.0,11.0,8.0,1.0,3.0,0.0,4.0,1.0,0.0,0.0,39.0,39.0,1
45.0,5.0,1834.0,9.0,12.0,2.0,5.0,0.0,4.0,1.0,0.0,76.0,59.0,39.0,1
8.0,6.0,41.0,15.0,9.0,4.0,8.0,1.0,4.0,0.0,0.0,0.0,21.0,39.0,0
5.0,4.0,1524.0,6.0,4.0,4.0,14.0,3.0,4.0,1.0,0.0,0.0,39.0,39.0,0
18.0,6.0,64.0,11.0,8.0,2.0,14.0,0.0,0.0,1.0,0.0,0.0,39.0,39.0,0
5.0,0.0,69.0,15.0,9.0,2.0,0.0,0.0,4.0,1.0,0.0,0.0,5.0,39.0,0
26.0,7.0,635.0,14.0,14.0,2.0,10.0,0.0,4.0,1.0,0.0,50.0,68.0,39.0,1
13.0,4.0,364.0,7.0,11.0,2.0,8.0,5.0,4.0,0.0,0.0,0.0,24.0,39.0,1
36.0,0.0,330.0,5.0,3.0,2.0,0.0,0.0,4.0,1.0,0.0,0.0,34.0,39.0,0
28.0,2.0,12228.0,12.0,13.0,0.0,10.0,1.0,2.0,1.0,0.0,0.0,39.0,39.0,0
23.0,4.0,4341.0,14.0,14.0,4.0,10.0,1.0,4.0,0.0,105.0,0.0,49.0,39.0,1
45.0,4.0,204.0,15.0,9.0,6.0,1.0,1.0,4.0,0.0,0.0,0.0,39.0,39.0,0
10.0,4.0,943.0,15.0,9.0,4.0,8.0,1.0,4.0,1.0,0.0,0.0,23.0,39.0,0
27.0,6.0,182.0,7.0,11.0,2.0,8.0,5.0,4.0,0.0,0.0,0.0,93.0,39.0,0
28.0,4.0,154.0,15.0,9.0,2.0,14.0,0.0,4.0,1.0,91.0,0.0,49.0,39.0,1
29.0,4.0,249.0,11.0,8.0,4.0,8.0,1.0,4.0,0.0,0.0,0.0,27.0,39.0,0
1.0,4.0,785.0,11.0,8.0,4.0,14.0,1.0,2.0,1.0,0.0,0.0,34.0,39.0,0
4.0,4.0,173.0,11.0,8.0,4.0,1.0,1.0,4.0,0.0,0.0,0.0,39.0,39.0,0
0.0,4.0,1450.0,1.0,6.0,4.0,5.0,3.0,4.0,1.0,0.0,0.0,44.0,39.0,0
23.0,1.0,1861.0,12.0,13.0,4.0,4.0,1.0,4.0,0.0,105.0,0.0,54.0,39.0,1
1.0,4.0,1887.0,15.0,9.0,0.0,8.0,3.0,4.0,1.0,0.0,0.0,14.0,39.0,0
4.0,6.0,1883.0,15.0,9.0,4.0,1.0,3.0,4.0,0.0,0.0,0.0,14.0,39.0,0
11.0,4.0,492.0,9.0,12.0,4.0,3.0,3.0,4.0,1.0,0.0,0.0,39.0,39.0,1
3.0,4.0,94.0,15.0,9.0,4.0,6.0,1.0,4.0,1.0,0.0,0.0,23.0,39.0,0
36.0,4.0,84.0,11.0,8.0,2.0,3.0,0.0,4.0,1.0,0.0,0.0,45.0,39.0,1
13.0,4.0,398.0,11.0,8.0,0.0,8.0,4.0,4.0,0.0,0.0,0.0,31.0,39.0,0
12.0,4.0,4935.0,8.0,10.0,2.0,3.0,0.0,1.0,1.0,91.0,0.0,31.0,39.0,1
2.0,4.0,1785.0,11.0,8.0,4.0,12.0,3.0,4.0,0.0,0.0,0.0,34.0,39.0,0
46.0,6.0,199.0,11.0,8.0,2.0,5.0,0.0,4.0,1.0,0.0,0.0,92.0,39.0,0
17.0,4.0,875.0,12.0,13.0,4.0,10.0,1.0,4.0,1.0,0.0,69.0,49.0,39.0,0
34.0,4.0,8043.0,15.0,9.0,2.0,14.0,0.0,4.0,1.0,0.0,84.0,39.0,39.0,0
11.0,4.0,349.0,11.0,8.0,2.0,6.0,0.0,0.0,1.0,0.0,0.0,39.0,39.0,0
2.0,4.0,1785.0,11.0,8.0,4.0,6.0,3.0,4.0,0.0,0.0,0.0,24.0,39.0,0
0.0,4.0,2574.0,0.0,5.0,4.0,12.0,3.0,2.0,0.0,0.0,0.0,23.0,39.0,0
10.0,4.0,1191.0,11.0,8.0,3.0,8.0,4.0,4.0,0.0,0.0,0.0,39.0,39.0,0
3.0,4.0,653.0,11.0,8.0,4.0,14.0,3.0,4.0,1.0,0.0,0.0,39.0,39.0,0
42.0,5.0,477.0,12.0,13.0,2.0,4.0,0.0,4.0,1.0,108.0,0.0,76.0,39.0,1
33.0,4.0,10297.0,10.0,15.0,2.0,10.0,0.0,4.0,1.0,0.0,0.0,39.0,39.0,1
27.0,5.0,5615.0,9.0,12.0,2.0,4.0,0.0,4.0,1.0,118.0,0.0,44.0,39.0,1
17.0,4.0,235.0,6.0,4.0,2.0,3.0,0.0,4.0,1.0,0.0,0.0,49.0,39.0,0
31.0,6.0,4459.0,9.0,12.0,2.0,4.0,0.0,4.0,1.0,118.0,0.0,49.0,39.0,1
1.0,4.0,2780.0,15.0,9.0,4.0,12.0,3.0,4.0,0.0,0.0,0.0,19.0,39.0,0
6.0,4.0,601.0,9.0,12.0,4.0,12.0,1.0,4.0,1.0,0.0,0.0,39.0,39.0,0
12.0,1.0,465.0,11.0,8.0,0.0,4.0,1.0,3.0,0.0,0.0,0.0,39.0,39.0,0
22.0,4.0,99.0,15.0,9.0,2.0,12.0,0.0,4.0,1.0,0.0,0.0,39.0,30.0,1
49.0,4.0,5171.0,9.0,12.0,2.0,4.0,0.0,4.0,1.0,118.0,0.0,54.0,0.0,1
24.0,2.0,182.0,15.0,9.0,0.0,4.0,1.0,4.0,0.0,0.0,0.0,39.0,39.0,0
2.0,4.0,148.0,15.0,9.0,4.0,12.0,1.0,4.0,0.0,0.0,0.0,24.0,39.0,0
22.0,6.0,522.0,15.0,9.0,2.0,5.0,0.0,4.0,1.0,42.0,0.0,85.0,39.0,0
2.0,4.0,333.0,15.0,9.0,4.0,10.0,3.0,4.0,1.0,0.0,0.0,9.0,39.0,0
7.0,4.0,69.0,9.0,12.0,2.0,12.0,0.0,4.0,1.0,0.0,0.0,44.0,39.0,0
28.0,7.0,845.0,11.0,8.0,0.0,11.0,4.0,2.0,0.0,0.0,0.0,39.0,39.0,0
24.0,7.0,228.0,12.0,13.0,2.0,10.0,0.0,4.0,1.0,0.0,0.0,39.0,39.0,1
13.0,6.0,17.0,8.0,10.0,0.0,7.0,1.0,4.0,0.0,0.0,0.0,39.0,39.0,0
11.0,4.0,887.0,15.0,9.0,4.0,8.0,4.0,4.0,0.0,0.0,0.0,34.0,39.0,0
24.0,4.0,2258.0,1.0,6.0,2.0,6.0,0.0,4.0,1.0,94.0,0.0,39.0,39.0,1
11.0,4.0,1255.0,11.0,8.0,4.0,11.0,4.0,0.0,0.0,0.0,0.0,39.0,39.0,0
6.0,4.0,586.0,9.0,12.0,4.0,10.0,1.0,4.0,1.0,0.0,0.0,14.0,39.0,0
16.0,4.0,91.0,7.0,11.0,0.0,10.0,4.0,4.0,0.0,0.0,0.0,31.0,39.0,0
23.0,4.0,11085.0,10.0,15.0,2.0,10.0,0.0,4.0,1.0,0.0,0.0,39.0,39.0,1
2.0,4.0,310.0,15.0,9.0,4.0,8.0,1.0,4.0,0.0,0.0,0.0,39.0,39.0,0
14.0,7.0,630.0,8.0,10.0,2.0,3.0,0.0,4.0,1.0,0.0,0.0,39.0,39.0,0
60.0,5.0,3023.0,10.0,15.0,2.0,5.0,0.0,4.0,1.0,111.0,0.0,39.0,39.0,1
13.0,4.0,828.0,14.0,14.0,2.0,10.0,5.0,4.0,0.0,0.0,0.0,44.0,39.0,1
40.0,4.0,113.0,5.0,3.0,6.0,8.0,1.0,4.0,0.0,0.0,0.0,9.0,39.0,0
30.0,4.0,568.0,15.0,9.0,0.0,8.0,4.0,4.0,0.0,0.0,0.0,39.0,39.0,0
6.0,4.0,1684.0,11.0,8.0,4.0,3.0,1.0,4.0,1.0,0.0,0.0,29.0,39.0,0
14.0,4.0,1239.0,9.0,12.0,2.0,10.0,5.0,4.0,0.0,94.0,0.0,42.0,39.0,1
23.0,6.0,225.0,11.0,8.0,2.0,5.0,0.0,4.0,1.0,0.0,0.0,79.0,39.0,0
20.0,4.0,2887.0,14.0,14.0,0.0,10.0,1.0,4.0,1.0,105.0,0.0,35.0,39.0,1
1.0,4.0,262.0,1.0,6.0,4.0,4.0,3.0,4.0,0.0,0.0,0.0,24.0,39.0,0
24.0,4.0,358.0,11.0,8.0,0.0,12.0,1.0,4.0,1.0,0.0,0.0,29.0,39.0,0
2.0,4.0,1317.0,15.0,9.0,4.0,6.0,1.0,4.0,1.0,0.0,0.0,44.0,39.0,0
38.0,4.0,3731.0,12.0,13.0,2.0,10.0,0.0,4.0,1.0,108.0,0.0,49.0,0.0,1
6.0,4.0,4440.0,1.0,6.0,4.0,3.0,3.0,1.0,1.0,106.0,0.0,39.0,40.0,1
63.0,2.0,18.0,11.0,8.0,6.0,8.0,4.0,0.0,0.0,0.0,0.0,31.0,39.0,0
25.0,1.0,713.0,9.0,12.0,2.0,4.0,0.0,4.0,1.0,91.0,0.0,49.0,39.0,1
6.0,1.0,1060.0,15.0,9.0,4.0,3.0,4.0,0.0,1.0,0.0,0.0,39.0,39.0,0
0.0,4.0,1000.0,1.0,6.0,4.0,1.0,3.0,4.0,0.0,0.0,0.0,22.0,39.0,0
4.0,4.0,753.0,15.0,9.0,4.0,8.0,3.0,4.0,0.0,0.0,0.0,24.0,39.0,0
11.0,4.0,514.0,9.0,12.0,4.0,6.0,3.0,4.0,1.0,0.0,0.0,39.0,39.0,0
18.0,4.0,456.0,9.0,12.0,2.0,12.0,0.0,4.0,1.0,0.0,0.0,44.0,39.0,0
10.0,4.0,998.0,2.0,7.0,4.0,14.0,1.0,4.0,1.0,0.0,0.0,39.0,39.0,0
39.0,4.0,754.0,15.0,9.0,0.0,4.0,1.0,4.0,0.0,0.0,51.0,39.0,39.0,0
3.0,0.0,1225.0,11.0,8.0,3.0,0.0,1.0,4.0,0.0,0.0,0.0,34.0,39.0,0
58.0,6.0,429.0,12.0,13.0,3.0,10.0,1.0,4.0,0.0,0.0,0.0,49.0,39.0,0
3.0,4.0,564.0,15.0,9.0,4.0,12.0,1.0,4.0,1.0,0.0,0.0,24.0,39.0,0
46.0,6.0,379.0,5.0,3.0,2.0,5.0,0.0,4.0,1.0,94.0,0.0,59.0,39.0,1
3.0,4.0,1539.0,11.0,8.0,4.0,1.0,3.0,2.0,1.0,0.0,0.0,19.0,39.0,0
5.0,4.0,1948.0,15.0,9.0,4.0,1.0,1.0,4.0,0.0,0.0,0.0,29.0,39.0,0
7.0,6.0,939.0,9.0,12.0,4.0,5.0,4.0,4.0,1.0,0.0,0.0,49.0,39.0,0
5.0,4.0,1645.0,15.0,9.0,4.0,12.0,3.0,4.0,1.0,0.0,0.0,7.0,39.0,0
30.0,4.0,79.0,15.0,9.0,2.0,6.0,0.0,4.0,1.0,0.0,0.0,39.0,39.0,0
8.0,4.0,994.0,11.0,8.0,4.0,1.0,3.0,4.0,0.0,0.0,0.0,39.0,39.0,0
9.0,4.0,1710.0,11.0,8.0,4.0,8.0,4.0,4.0,1.0,0.0,0.0,39.0,39.0,0
11.0,4.0,956.0,15.0,9.0,0.0,12.0,4.0,4.0,0.0,0.0,0.0,44.0,39.0,0
20.0,4.0,2502.0,9.0,12.0,2.0,4.0,0.0,4.0,1.0,0.0,46.0,46.0,39.0,1
57.0,0.0,614.0,0.0,5.0,2.0,0.0,0.0,0.0,1.0,17.0,0.0,29.0,39.0,0
24.0,4.0,468.0,11.0,8.0,0.0,8.0,4.0,4.0,0.0,0.0,0.0,29.0,39.0,0
44.0,6.0,401.0,11.0,8.0,2.0,5.0,0.0,4.0,1.0,0.0,44.0,59.0,39.0,1
45.0,5.0,97.0,11.0,8.0,6.0,12.0,1.0,4.0,0.0,0.0,0.0,14.0,39.0,0
3.0,4.0,991.0,0.0,5.0,4.0,8.0,1.0,4.0,1.0,0.0,0.0,39.0,39.0,0
10.0,4.0,352.0,0.0,5.0,2.0,6.0,0.0,4.0,1.0,0.0,0.0,39.0,39.0,0
5.0,4.0,1155.0,15.0,9.0,4.0,8.0,1.0,4.0,1.0,0.0,0.0,24.0,39.0,0
5.0,0.0,263.0,15.0,9.0,4.0,0.0,3.0,4.0,1.0,0.0,0.0,35.0,39.0,0
18.0,4.0,1281.0,15.0,9.0,2.0,1.0,5.0,4.0,0.0,94.0,0.0,19.0,39.0,1
30.0,4.0,10062.0,14.0,14.0,2.0,12.0,0.0,4.0,1.0,0.0,0.0,44.0,39.0,1
1.0,6.0,357.0,1.0,6.0,4.0,3.0,3.0,4.0,1.0,0.0,0.0,39.0,39.0,0
6.0,4.0,114.0,11.0,8.0,4.0,6.0,3.0,4.0,0.0,0.0,0.0,29.0,39.0,0
20.0,4.0,585.0,9.0,12.0,2.0,13.0,5.0,4.0,0.0,0.0,0.0,39.0,39.0,1
4.0,4.0,151.0,8.0,10.0,4.0,1.0,4.0,2.0,0.0,0.0,0.0,34.0,39.0,0
33.0,4.0,95.0,15.0,9.0,2.0,4.0,0.0,4.0,1.0,0.0,0.0,79.0,39.0,1
65.0,0.0,348.0,5.0,3.0,6.0,0.0,1.0,4.0,1.0,0.0,0.0,4.0,39.0,0
7.0,1.0,1177.0,9.0,12.0,4.0,10.0,1.0,4.0,0.0,0.0,0.0,29.0,39.0,0
21.0,4.0,907.0,15.0,9.0,0.0,12.0,4.0,4.0,0.0,0.0,0.0,37.0,39.0,0
34.0,2.0,192.0,11.0,8.0,2.0,3.0,0.0,4.0,1.0,0.0,0.0,39.0,39.0,1
12.0,1.0,964.0,15.0,9.0,4.0,1.0,4.0,2.0,0.0,25.0,0.0,39.0,39.0,0
6.0,4.0,601.0,15.0,9.0,4.0,14.0,1.0,4.0,1.0,67.0,0.0,39.0,39.0,0
3.0,0.0,963.0,11.0,8.0,4.0,0.0,1.0,4.0,1.0,0.0,0.0,39.0,39.0,0
12.0,4.0,466.0,11.0,8.0,0.0,10.0,1.0,3.0,0.0,0.0,0.0,29.0,11.0,0
26.0,4.0,2601.0,15.0,9.0,2.0,12.0,0.0,4.0,1.0,94.0,0.0,39.0,39.0,1
17.0,4.0,219.0,11.0,8.0,2.0,14.0,0.0,4.0,1.0,0.0,0.0,39.0,39.0,0
0.0,6.0,858.0,1.0,6.0,4.0,5.0,3.0,4.0,1.0,0.0,0.0,19.0,39.0,0
25.0,4.0,1654.0,9.0,12.0,2.0,10.0,0.0,4.0,1.0,94.0,0.0,39.0,39.0,1
34.0,4.0,3119.0,9.0,12.0,2.0,1.0,5.0,4.0,0.0,94.0,0.0,19.0,39.0,1
43.0,7.0,212.0,11.0,8.0,2.0,11.0,0.0,0.0,1.0,0.0,0.0,39.0,39.0,1
14.0,4.0,2518.0,15.0,9.0,6.0,4.0,4.0,4.0,0.0,0.0,0.0,29.0,39.0,0
40.0,4.0,2163.0,8.0,10.0,2.0,10.0,0.0,4.0,1.0,0.0,47.0,44.0,39.0,0
4.0,4.0,214.0,15.0,9.0,4.0,12.0,3.0,4.0,0.0,0.0,0.0,19.0,39.0,0
29.0,6.0,282.0,9.0,12.0,2.0,5.0,0.0,4.0,1.0,0.0,0.0,39.0,39.0,1
6.0,7.0,821.0,15.0,9.0,4.0,8.0,1.0,4.0,1.0,0.0,0.0,49.0,39.0,0
12.0,2.0,399.0,11.0,8.0,2.0,8.0,5.0,4.0,0.0,40.0,0.0,39.0,39.0,0
10.0,6.0,1122.0,11.0,8.0,4.0,3.0,1.0,4.0,1.0,0.0,0.0,29.0,39.0,0
13.0,4.0,2249.0,11.0,8.0,4.0,6.0,3.0,0.0,0.0,0.0,0.0,7.0,39.0,0
39.0,5.0,4684.0,9.0,12.0,2.0,4.0,0.0,4.0,1.0,108.0,0.0,49.0,39.0,1
4.0,4.0,431.0,15.0,9.0,4.0,4.0,1.0,4.0,0.0,0.0,0.0,37.0,39.0,0
30.0,4.0,246.0,8.0,10.0,4.0,8.0,1.0,4.0,0.0,0.0,0.0,54.0,39.0,0
18.0,4.0,902.0,11.0,8.0,0.0,3.0,4.0,4.0,1.0,0.0,0.0,39.0,39.0,0
15.0,4.0,131.0,8.0,10.0,2.0,13.0,0.0,4.0,1.0,0.0,0.0,39.0,39.0,0
23.0,6.0,197.0,9.0,12.0,1.0,10.0,0.0,4.0,1.0,91.0,0.0,49.0,39.0,1
24.0,7.0,197.0,9.0,12.0,4.0,1.0,1.0,4.0,1.0,0.0,0.0,39.0,39.0,0
2.0,4.0,275.0,11.0,8.0,4.0,8.0,3.0,4.0,0.0,0.0,0.0,51.0,39.0,0
35.0,2.0,1104.0,0.0,5.0,2.0,3.0,0.0,4.0,1.0,77.0,0.0,39.0,39.0,0
48.0,4.0,525.0,15.0,9.0,6.0,1.0,1.0,4.0,0.0,0.0,0.0,14.0,39.0,0
12.0,4.0,720.0,15.0,9.0,4.0,1.0,1.0,4.0,1.0,0.0,0.0,59.0,39.0,0
9.0,4.0,682.0,15.0,9.0,4.0,13.0,3.0,4.0,1.0,0.0,0.0,19.0,39.0,0
34.0,4.0,394.0,11.0,8.0,2.0,14.0,0.0,4.0,1.0,0.0,0.0,59.0,39.0,0
7.0,4.0,76.0,11.0,8.0,2.0,3.0,0.0,4.0,1.0,0.0,0.0,39.0,39.0,0
1.0,4.0,1744.0,15.0,9.0,4.0,8.0,3.0,4.0,1.0,0.0,0.0,29.0,39.0,0
34.0,1.0,32.0,11.0,8.0,2.0,14.0,0.0,4.0,1.0,94.0,0.0,39.0,39.0,1
15.0,4.0,260.0,15.0,9.0,4.0,7.0,2.0,4.0,0.0,0.0,64.0,39.0,15.0,0
13.0,7.0,71.0,15.0,9.0,4.0,8.0,3.0,0.0,1.0,0.0,0.0,79.0,39.0,0
38.0,4.0,524.0,12.0,13.0,2.0,4.0,0.0,4.0,1.0,0.0,50.0,39.0,39.0,1
29.0,6.0,592.0,11.0,8.0,5.0,3.0,4.0,4.0,1.0,0.0,0.0,39.0,39.0,0
19.0,4.0,1229.0,15.0,9.0,6.0,12.0,1.0,4.0,0.0,0.0,0.0,19.0,39.0,0
34.0,4.0,43.0,11.0,8.0,4.0,1.0,1.0,4.0,0.0,0.0,0.0,39.0,39.0,0
41.0,5.0,42.0,8.0,10.0,0.0,12.0,1.0,4.0,1.0,27.0,0.0,55.0,39.0,0
17.0,4.0,422.0,9.0,12.0,2.0,4.0,0.0,4.0,1.0,108.0,0.0,59.0,39.0,1
12.0,4.0,3155.0,11.0,8.0,0.0,8.0,1.0,4.0,1.0,100.0,0.0,39.0,39.0,1
35.0,2.0,403.0,15.0,9.0,2.0,11.0,0.0,4.0,1.0,51.0,0.0,41.0,39.0,0
11.0,4.0,1590.0,9.0,12.0,2.0,1.0,0.0,4.0,1.0,0.0,46.0,39.0,39.0,1
0.0,4.0,1164.0,0.0,5.0,4.0,8.0,3.0,4.0,0.0,0.0,0.0,24.0,39.0,0
9.0,6.0,961.0,11.0,8.0,4.0,5.0,3.0,4.0,1.0,0.0,0.0,59.0,39.0,0
47.0,4.0,2227.0,9.0,12.0,0.0,4.0,4.0,4.0,1.0,115.0,0.0,49.0,39.0,1
1.0,4.0,1294.0,1.0,6.0,4.0,8.0,3.0,4.0,0.0,0.0,0.0,19.0,39.0,0
28.0,5.0,859.0,9.0,12.0,2.0,5.0,0.0,4.0,1.0,68.0,0.0,34.0,39.0,1
47.0,4.0,52.0,15.0,9.0,6.0,13.0,1.0,4.0,0.0,0.0,0.0,34.0,39.0,0
18.0,4.0,425.0,11.0,8.0,2.0,6.0,0.0,4.0,1.0,0.0,0.0,39.0,39.0,0
33.0,7.0,1330.0,9.0,12.0,3.0,10.0,1.0,4.0,1.0,90.0,0.0,39.0,39.0,0
53.0,6.0,917.0,12.0,13.0,2.0,10.0,0.0,4.0,1.0,98.0,0.0,29.0,39.0,1
12.0,4.0,103.0,15.0,9.0,2.0,8.0,5.0,0.0,0.0,0.0,0.0,39.0,39.0,0
12.0,6.0,3053.0,1.0,6.0,2.0,8.0,5.0,4.0,0.0,0.0,0.0,4.0,39.0,0
21.0,4.0,2639.0,1.0,6.0,2.0,3.0,0.0,4.0,1.0,79.0,0.0,39.0,39.0,1
7.0,4.0,586.0,11.0,8.0,2.0,3.0,0.0,4.0,1.0,0.0,0.0,49.0,39.0,0
17.0,4.0,1531.0,9.0,12.0,4.0,12.0,1.0,4.0,1.0,115.0,0.0,39.0,39.0,1
50.0,0.0,6274.0,10.0,15.0,2.0,0.0,0.0,4.0,1.0,111.0,0.0,4.0,39.0,1
7.0,4.0,433.0,11.0,8.0,4.0,6.0,1.0,4.0,1.0,0.0,0.0,19.0,39.0,0
11.0,4.0,75.0,15.0,9.0,4.0,6.0,1.0,4.0,1.0,0.0,0.0,39.0,39.0,0
1.0,6.0,1196.0,15.0,9.0,4.0,3.0,1.0,4.0,0.0,0.0,0.0,34.0,39.0,0
2.0,4.0,1069.0,15.0,9.0,4.0,8.0,3.0,4.0,0.0,0.0,0.0,14.0,39.0,0
25.0,6.0,248.0,9.0,12.0,2.0,12.0,0.0,4.0,1.0,0.0,0.0,44.0,39.0,0
8.0,4.0,2224.0,15.0,9.0,4.0,8.0,3.0,4.0,0.0,0.0,0.0,24.0,39.0,0
11.0,4.0,442.0,15.0,9.0,4.0,1.0,4.0,2.0,0.0,0.0,0.0,39.0,39.0,0
37.0,1.0,43.0,9.0,12.0,0.0,4.0,4.0,4.0,0.0,0.0,0.0,39.0,39.0,0
50.0,0.0,1027.0,11.0,8.0,2.0,0.0,5.0,4.0,0.0,0.0,0.0,4.0,39.0,0
31.0,4.0,414.0,0.0,5.0,2.0,3.0,0.0,4.0,1.0,0.0,0.0,29.0,39.0,0
3.0,4.0,130.0,11.0,8.0,2.0,1.0,5.0,4.0,0.0,0.0,0.0,19.0,39.0,0
21.0,4.0,778.0,15.0,9.0,5.0,8.0,4.0,4.0,0.0,0.0,0.0,39.0,39.0,0
58.0,6.0,485.0,11.0,8.0,2.0,5.0,0.0,4.0,1.0,57.0,0.0,39.0,39.0,0
48.0,6.0,512.0,15.0,9.0,6.0,4.0,4.0,4.0,0.0,0.0,0.0,44.0,39.0,0
31.0,4.0,11968.0,10.0,15.0,2.0,10.0,0.0,4.0,1.0,0.0,0.0,39.0,39.0,1
14.0,4.0,141.0,9.0,12.0,0.0,4.0,4.0,4.0,0.0,0.0,0.0,39.0,39.0,0
41.0,5.0,2698.0,15.0,9.0,2.0,4.0,0.0,4.0,1.0,91.0,0.0,59.0,39.0,1
5.0,2.0,1250.0,1.0,6.0,4.0,6.0,3.0,4.0,1.0,0.0,0.0,34.0,39.0,0
2.0,7.0,2474.0,15.0,9.0,4.0,1.0,3.0,4.0,1.0,0.0,0.0,14.0,39.0,0
33.0,2.0,394.0,9.0,12.0,2.0,10.0,0.0,4.0,1.0,0.0,0.0,44.0,39.0,1
30.0,4.0,1056.0,11.0,8.0,0.0,8.0,1.0,4.0,0.0,0.0,0.0,3.0,39.0,0
8.0,4.0,299.0,11.0,8.0,4.0,8.0,1.0,4.0,0.0,0.0,0.0,39.0,39.0,0
22.0,4.0,411.0,8.0,10.0,0.0,12.0,4.0,4.0,0.0,0.0,0.0,39.0,39.0,0
2.0,4.0,1878.0,11.0,8.0,4.0,8.0,3.0,4.0,0.0,0.0,0.0,24.0,39.0,0
35.0,1.0,88.0,15.0,9.0,0.0,1.0,1.0,4.0,1.0,0.0,0.0,39.0,39.0,0
26.0,4.0,201.0,8.0,10.0,2.0,4.0,0.0,4.0,1.0,0.0,0.0,44.0,39.0,1
6.0,4.0,821.0,15.0,9.0,4.0,12.0,1.0,4.0,1.0,0.0,0.0,39.0,39.0,0
2.0,7.0,930.0,11.0,8.0,4.0,1.0,1.0,4.0,0.0,0.0,0.0,19.0,39.0,0
21.0,4.0,55.0,11.0,8.0,2.0,4.0,0.0,4.0,1.0,0.0,0.0,59.0,39.0,1
32.0,4.0,748.0,15.0,9.0,2.0,4.0,0.0,4.0,1.0,0.0,46.0,39.0,39.0,1
37.0,4.0,305.0,11.0,8.0,2.0,12.0,0.0,4.0,1.0,58.0,0.0,39.0,39.0,0
11.0,4.0,526.0,15.0,9.0,0.0,1.0,1.0,4.0,0.0,0.0,0.0,39.0,39.0,0
20.0,2.0,709.0,11.0,8.0,2.0,8.0,5.0,4.0,0.0,0.0,0.0,24.0,39.0,0
14.0,4.0,1023.0,11.0,8.0,2.0,3.0,0.0,4.0,1.0,0.0,0.0,19.0,39.0,0
0.0,0.0,2777.0,1.0,6.0,4.0,0.0,3.0,4.0,0.0,0.0,0.0,19.0,39.0,0
6.0,4.0,1064.0,15.0,9.0,4.0,6.0,3.0,4.0,1.0,0.0,0.0,9.0,39.0,0
1.0,4.0,547.0,1.0,6.0,4.0,6.0,3.0,4.0,1.0,3.0,0.0,29.0,39.0,0
22.0,4.0,539.0,15.0,9.0,4.0,3.0,1.0,4.0,1.0,0.0,0.0,39.0,39.0,0
2.0,4.0,1212.0,15.0,9.0,4.0,1.0,3.0,4.0,0.0,0.0,0.0,19.0,39.0,0
35.0,0.0,3399.0,12.0,13.0,2.0,0.0,5.0,4.0,0.0,108.0,0.0,39.0,39.0,1
4.0,4.0,193.0,15.0,9.0,4.0,12.0,1.0,4.0,0.0,0.0,0.0,19.0,39.0,0
2.0,4.0,1133.0,11.0,8.0,4.0,6.0,3.0,4.0,1.0,0.0,0.0,29.0,39.0,0
19.0,4.0,374.0,11.0,8.0,4.0,14.0,2.0,4.0,1.0,0.0,0.0,49.0,39.0,0
22.0,4.0,451.0,11.0,8.0,2.0,3.0,0.0,4.0,1.0,0.0,0.0,39.0,39.0,0
24.0,4.0,6475.0,14.0,14.0,2.0,10.0,0.0,4.0,1.0,0.0,76.0,39.0,39.0,1
41.0,4.0,233.0,11.0,8.0,2.0,4.0,0.0,4.0,1.0,0.0,0.0,59.0,39.0,1
3.0,4.0,1924.0,15.0,9.0,4.0,6.0,3.0,4.0,1.0,0.0,0.0,19.0,39.0,0
28.0,1.0,3179.0,15.0,9.0,2.0,4.0,0.0,4.0,1.0,94.0,0.0,39.0,39.0,1
40.0,6.0,3519.0,15.0,9.0,2.0,12.0,0.0,4.0,1.0,118.0,0.0,44.0,39.0,1
28.0,6.0,190.0,15.0,9.0,2.0,4.0,0.0,0.0,1.0,0.0,0.0,39.0,39.0,0
3.0,4.0,1714.0,11.0,8.0,4.0,3.0,4.0,4.0,1.0,0.0,0.0,39.0,39.0,0
21.0,4.0,62.0,15.0,9.0,0.0,1.0,1.0,4.0,0.0,93.0,0.0,39.0,39.0,0
37.0,4.0,814.0,15.0,9.0,2.0,12.0,0.0,4.0,1.0,91.0,0.0,49.0,39.0,1
46.0,4.0,430.0,5.0,3.0,3.0,8.0,4.0,0.0,0.0,0.0,0.0,39.0,39.0,0
33.0,6.0,244.0,15.0,9.0,2.0,5.0,0.0,4.0,1.0,94.0,0.0,39.0,39.0,1
38.0,4.0,5163.0,14.0,14.0,2.0,4.0,0.0,4.0,1.0,118.0,0.0,39.0,39.0,1
29.0,4.0,291.0,14.0,14.0,2.0,10.0,0.0,4.0,1.0,118.0,0.0,49.0,39.0,1
39.0,5.0,2387.0,12.0,13.0,0.0,4.0,1.0,4.0,1.0,115.0,0.0,59.0,39.0,1
34.0,7.0,2317.0,8.0,10.0,0.0,13.0,1.0,4.0,1.0,0.0,77.0,38.0,39.0,1
33.0,4.0,3190.0,9.0,12.0,2.0,14.0,0.0,4.0,1.0,91.0,0.0,39.0,39.0,1
5.0,4.0,1471.0,15.0,9.0,4.0,14.0,1.0,4.0,1.0,0.0,0.0,39.0,39.0,0
43.0,6.0,158.0,11.0,8.0,0.0,3.0,1.0,4.0,1.0,0.0,0.0,49.0,39.0,1
2.0,4.0,1402.0,15.0,9.0,4.0,14.0,1.0,4.0,1.0,0.0,0.0,49.0,39.0,0
37.0,4.0,3106.0,11.0,8.0,2.0,3.0,0.0,1.0,1.0,0.0,47.0,39.0,39.0,1
18.0,4.0,425.0,11.0,8.0,4.0,1.0,1.0,4.0,1.0,0.0,0.0,39.0,39.0,0
19.0,6.0,838.0,5.0,3.0,2.0,7.0,0.0,4.0,1.0,91.0,0.0,44.0,39.0,1
46.0,1.0,1030.0,10.0,15.0,0.0,4.0,1.0,4.0,0.0,0.0,83.0,59.0,39.0,1
37.0,1.0,238.0,11.0,8.0,2.0,1.0,0.0,4.0,1.0,0.0,0.0,39.0,39.0,1
44.0,0.0,6669.0,11.0,8.0,2.0,0.0,0.0,4.0,1.0,0.0,84.0,31.0,39.0,0
36.0,4.0,70.0,12.0,13.0,2.0,4.0,5.0,4.0,0.0,0.0,0.0,49.0,39.0,1
22.0,4.0,984.0,15.0,9.0,3.0,3.0,4.0,4.0,1.0,0.0,0.0,39.0,39.0,1
3.0,0.0,1130.0,7.0,11.0,4.0,0.0,1.0,4.0,0.0,0.0,0.0,31.0,39.0,0
6.0,7.0,2049.0,4.0,2.0,4.0,14.0,1.0,4.0,1.0,0.0,0.0,34.0,39.0,0
36.0,5.0,1200.0,10.0,15.0,0.0,4.0,1.0,4.0,1.0,105.0,0.0,49.0,39.0,1
4.0,4.0,601.0,15.0,9.0,4.0,12.0,4.0,4.0,1.0,0.0,0.0,39.0,39.0,0
1.0,4.0,535.0,1.0,6.0,4.0,6.0,3.0,4.0,1.0,0.0,0.0,39.0,39.0,0
18.0,4.0,2596.0,12.0,13.0,2.0,10.0,0.0,2.0,1.0,91.0,0.0,39.0,0.0,1
9.0,4.0,1676.0,11.0,8.0,4.0,8.0,3.0,4.0,1.0,0.0,0.0,39.0,39.0,0
38.0,6.0,185.0,11.0,8.0,2.0,5.0,0.0,4.0,1.0,0.0,0.0,59.0,39.0,0
15.0,6.0,1837.0,9.0,12.0,2.0,10.0,5.0,4.0,0.0,0.0,0.0,7.0,39.0,1
14.0,4.0,562.0,15.0,9.0,0.0,3.0,4.0,4.0,0.0,0.0,0.0,19.0,39.0,0
37.0,6.0,278.0,9.0,12.0,0.0,5.0,1.0,4.0,1.0,115.0,0.0,49.0,39.0,1
37.0,6.0,589.0,11.0,8.0,2.0,12.0,5.0,4.0,0.0,0.0,0.0,29.0,39.0,0
41.0,5.0,4945.0,14.0,14.0,4.0,10.0,1.0,4.0,1.0,115.0,0.0,39.0,39.0,1
40.0,6.0,115.0,8.0,10.0,2.0,3.0,0.0,4.0,1.0,0.0,0.0,39.0,39.0,1
40.0,4.0,343.0,11.0,8.0,5.0,12.0,1.0,0.0,0.0,0.0,0.0,34.0,39.0,0
1.0,4.0,851.0,1.0,6.0,4.0,3.0,3.0,4.0,1.0,0.0,0.0,4.0,39.0,0
31.0,4.0,297.0,11.0,8.0,2.0,3.0,0.0,4.0,1.0,0.0,0.0,39.0,39.0,0
30.0,4.0,4049.0,12.0,13.0,2.0,4.0,0.0,4.0,1.0,118.0,0.0,49.0,39.0,1
12.0,4.0,783.0,11.0,8.0,2.0,3.0,0.0,4.0,1.0,0.0,0.0,39.0,39.0,0
25.0,4.0,112.0,15.0,9.0,2.0,8.0,5.0,2.0,0.0,0.0,0.0,29.0,39.0,0
13.0,4.0,351.0,15.0,9.0,2.0,12.0,5.0,4.0,0.0,0.0,0.0,39.0,39.0,0
43.0,6.0,37.0,11.0,8.0,2.0,5.0,0.0,0.0,1.0,0.0,0.0,49.0,39.0,0
10.0,2.0,3377.0,15.0,9.0,4.0,11.0,1.0,4.0,1.0,0.0,66.0,39.0,39.0,1
28.0,4.0,1325.0,1.0,6.0,2.0,8.0,5.0,4.0,0.0,0.0,0.0,35.0,39.0,0
9.0,4.0,736.0,9.0,12.0,4.0,1.0,1.0,4.0,1.0,0.0,0.0,44.0,39.0,0
1.0,4.0,254.0,11.0,8.0,4.0,12.0,3.0,4.0,0.0,0.0,0.0,24.0,39.0,0
27.0,2.0,469.0,5.0,3.0,0.0,6.0,1.0,4.0,1.0,0.0,0.0,39.0,39.0,0
15.0,4.0,339.0,0.0,5.0,2.0,14.0,0.0,4.0,1.0,0.0,0.0,76.0,39.0,1
4.0,4.0,220.0,15.0,9.0,4.0,8.0,3.0,4.0,0.0,0.0,0.0,15.0,39.0,0
53.0,0.0,295.0,6.0,4.0,6.0,0.0,4.0,4.0,0.0,0.0,0.0,24.0,39.0,0
30.0,2.0,1846.0,15.0,9.0,2.0,10.0,0.0,2.0,1.0,94.0,0.0,49.0,39.0,1
2.0,0.0,810.0,15.0,9.0,4.0,0.0,3.0,4.0,0.0,0.0,0.0,44.0,39.0,0
2.0,0.0,567.0,15.0,9.0,4.0,0.0,3.0,4.0,1.0,0.0,0.0,24.0,39.0,0
23.0,4.0,502.0,11.0,8.0,3.0,1.0,4.0,4.0,0.0,0.0,0.0,39.0,39.0,0
19.0,5.0,2655.0,9.0,12.0,2.0,12.0,0.0,4.0,1.0,108.0,0.0,44.0,39.0,1
2.0,4.0,2358.0,11.0,8.0,2.0,8.0,5.0,2.0,0.0,0.0,0.0,15.0,39.0,0
27.0,4.0,2309.0,15.0,9.0,2.0,12.0,0.0,1.0,1.0,0.0,47.0,39.0,39.0,1
34.0,4.0,104.0,9.0,12.0,2.0,3.0,0.0,4.0,1.0,0.0,0.0,39.0,39.0,1
10.0,4.0,335.0,7.0,11.0,4.0,3.0,4.0,4.0,1.0,0.0,0.0,39.0,39.0,0
32.0,4.0,122.0,9.0,12.0,4.0,8.0,1.0,1.0,0.0,0.0,0.0,34.0,30.0,0
8.0,1.0,218.0,15.0,9.0,2.0,4.0,0.0,4.0,1.0,0.0,0.0,39.0,39.0,1
21.0,4.0,3310.0,9.0,12.0,2.0,12.0,0.0,4.0,1.0,108.0,0.0,59.0,39.0,1
34.0,6.0,795.0,11.0,8.0,4.0,5.0,4.0,4.0,1.0,0.0,0.0,44.0,39.0,0
14.0,4.0,848.0,11.0,8.0,4.0,3.0,1.0,4.0,1.0,0.0,0.0,34.0,39.0,0
2.0,4.0,2969.0,11.0,8.0,4.0,8.0,3.0,4.0,0.0,0.0,0.0,19.0,39.0,0
15.0,4.0,700.0,15.0,9.0,2.0,4.0,0.0,4.0,1.0,0.0,0.0,39.0,39.0,0
30.0,4.0,2395.0,11.0,8.0,2.0,7.0,0.0,4.0,1.0,79.0,0.0,39.0,39.0,1
15.0,5.0,1365.0,11.0,8.0,2.0,3.0,0.0,4.0,1.0,118.0,0.0,39.0,39.0,1
13.0,4.0,406.0,1.0,6.0,0.0,12.0,3.0,4.0,1.0,0.0,0.0,39.0,39.0,0
4.0,7.0,1428.0,15.0,9.0,4.0,4.0,3.0,4.0,1.0,0.0,25.0,9.0,39.0,0
3.0,4.0,1836.0,15.0,9.0,4.0,8.0,3.0,4.0,1.0,26.0,0.0,24.0,39.0,0
5.0,4.0,610.0,11.0,8.0,2.0,5.0,0.0,4.0,1.0,0.0,0.0,44.0,39.0,0
26.0,4.0,937.0,12.0,13.0,4.0,4.0,1.0,4.0,0.0,0.0,0.0,24.0,39.0,0
0.0,4.0,98.0,11.0,8.0,4.0,4.0,3.0,4.0,0.0,0.0,0.0,34.0,39.0,0
15.0,4.0,512.0,12.0,13.0,2.0,10.0,0.0,1.0,1.0,0.0,0.0,39.0,19.0,0
29.0,4.0,125.0,11.0,8.0,4.0,3.0,1.0,4.0,0.0,0.0,0.0,47.0,39.0,0
7.0,4.0,76.0,8.0,10.0,4.0,1.0,1.0,4.0,1.0,0.0,0.0,29.0,39.0,1
36.0,7.0,1245.0,12.0,13.0,2.0,4.0,0.0,4.0,1.0,108.0,0.0,37.0,39.0,1
59.0,0.0,1176.0,6.0,4.0,6.0,0.0,1.0,4.0,1.0,0.0,0.0,24.0,39.0,0
19.0,4.0,878.0,11.0,8.0,2.0,14.0,0.0,4.0,1.0,0.0,0.0,24.0,39.0,1
36.0,6.0,394.0,0.0,5.0,2.0,5.0,0.0,4.0,1.0,0.0,0.0,34.0,39.0,0
22.0,7.0,123.0,15.0,9.0,0.0,1.0,4.0,4.0,0.0,0.0,0.0,34.0,39.0,0
10.0,4.0,93.0,11.0,8.0,4.0,6.0,2.0,0.0,1.0,0.0,0.0,39.0,39.0,0
10.0,4.0,372.0,11.0,8.0,5.0,6.0,4.0,4.0,0.0,0.0,0.0,39.0,24.0,0
1.0,7.0,437.0,15.0,9.0,4.0,1.0,3.0,4.0,1.0,0.0,0.0,9.0,39.0,0
2.0,4.0,3107.0,15.0,9.0,4.0,4.0,3.0,4.0,1.0,0.0,0.0,14.0,39.0,0
36.0,4.0,1777.0,11.0,8.0,4.0,5.0,1.0,4.0,1.0,0.0,0.0,9.0,39.0,0
6.0,4.0,678.0,15.0,9.0,5.0,12.0,4.0,4.0,0.0,0.0,0.0,39.0,39.0,0
15.0,6.0,920.0,14.0,14.0,2.0,10.0,0.0,4.0,1.0,94.0,0.0,44.0,39.0,1
33.0,6.0,1262.0,11.0,8.0,2.0,12.0,0.0,4.0,1.0,108.0,0.0,54.0,8.0,1
18.0,4.0,2827.0,9.0,12.0,2.0,12.0,0.0,4.0,1.0,108.0,0.0,49.0,39.0,1
15.0,4.0,2059.0,1.0,6.0,0.0,8.0,4.0,4.0,0.0,0.0,0.0,14.0,39.0,0
36.0,4.0,2372.0,12.0,13.0,2.0,10.0,0.0,1.0,1.0,68.0,0.0,39.0,19.0,1
9.0,4.0,837.0,15.0,9.0,4.0,14.0,1.0,4.0,1.0,0.0,0.0,49.0,39.0,0
5.0,1.0,1881.0,15.0,9.0,4.0,1.0,3.0,2.0,1.0,0.0,0.0,19.0,39.0,0
14.0,4.0,2325.0,11.0,8.0,0.0,8.0,3.0,4.0,0.0,0.0,0.0,14.0,39.0,0
3.0,4.0,132.0,11.0,8.0,4.0,5.0,3.0,4.0,1.0,0.0,0.0,46.0,39.0,0
4.0,2.0,581.0,15.0,9.0,4.0,10.0,1.0,4.0,1.0,0.0,0.0,19.0,39.0,0
33.0,4.0,455.0,11.0,8.0,2.0,10.0,5.0,4.0,0.0,0.0,0.0,39.0,39.0,1
43.0,6.0,261.0,15.0,9.0,2.0,4.0,0.0,4.0,1.0,0.0,0.0,39.0,39.0,1
16.0,4.0,1859.0,9.0,12.0,2.0,10.0,0.0,4.0,1.0,108.0,0.0,72.0,39.0,1
19.0,4.0,557.0,8.0,10.0,2.0,4.0,5.0,4.0,0.0,0.0,0.0,49.0,39.0,1
30.0,4.0,124.0,0.0,5.0,0.0,4.0,1.0,0.0,0.0,0.0,0.0,44.0,39.0,0
40.0,6.0,721.0,5.0,3.0,2.0,3.0,0.0,4.0,1.0,0.0,0.0,39.0,39.0,1
29.0,4.0,4058.0,14.0,14.0,2.0,10.0,0.0,4.0,1.0,108.0,0.0,44.0,39.0,1
4.0,4.0,1582.0,11.0,8.0,4.0,8.0,3.0,4.0,1.0,0.0,0.0,34.0,39.0,0
31.0,6.0,448.0,15.0,9.0,2.0,10.0,0.0,4.0,1.0,77.0,0.0,44.0,39.0,0
15.0,4.0,692.0,0.0,5.0,2.0,6.0,0.0,0.0,1.0,0.0,0.0,39.0,39.0,0
27.0,2.0,133.0,15.0,9.0,2.0,4.0,0.0,4.0,1.0,0.0,0.0,39.0,39.0,1
17.0,5.0,334.0,15.0,9.0,2.0,3.0,0.0,4.0,1.0,0.0,0.0,68.0,39.0,0
25.0,1.0,1342.0,11.0,8.0,5.0,1.0,4.0,2.0,0.0,0.0,0.0,39.0,39.0,0
28.0,0.0,287.0,11.0,8.0,5.0,0.0,4.0,4.0,0.0,0.0,0.0,9.0,39.0,0
48.0,2.0,128.0,11.0,8.0,2.0,3.0,0.0,4.0,1.0,0.0,0.0,39.0,39.0,0
38.0,4.0,1125.0,15.0,9.0,6.0,5.0,1.0,4.0,1.0,0.0,69.0,61.0,39.0,1
11.0,4.0,553.0,9.0,12.0,4.0,10.0,1.0,4.0,0.0,25.0,0.0,39.0,39.0,0
29.0,4.0,291.0,8.0,10.0,4.0,14.0,1.0,4.0,1.0,0.0,0.0,49.0,39.0,0
19.0,4.0,62.0,15.0,9.0,0.0,4.0,4.0,4.0,0.0,0.0,0.0,39.0,39.0,0
28.0,4.0,29.0,15.0,9.0,2.0,7.0,0.0,4.0,1.0,0.0,0.0,79.0,39.0,1
29.0,4.0,3748.0,9.0,12.0,2.0,4.0,0.0,4.0,1.0,91.0,0.0,49.0,39.0,1
20.0,1.0,322.0,15.0,9.0,2.0,1.0,0.0,4.0,1.0,0.0,0.0,41.0,39.0,1
11.0,4.0,1197.0,0.0,5.0,0.0,7.0,3.0,4.0,0.0,0.0,0.0,39.0,39.0,0
18.0,4.0,327.0,8.0,10.0,4.0,14.0,1.0,4.0,1.0,0.0,0.0,39.0,39.0,0
16.0,0.0,1496.0,15.0,9.0,2.0,0.0,5.0,2.0,0.0,0.0,0.0,29.0,39.0,0
23.0,1.0,196.0,15.0,9.0,4.0,1.0,4.0,4.0,0.0,0.0,0.0,39.0,39.0,0
47.0,4.0,39.0,11.0,8.0,2.0,4.0,0.0,4.0,1.0,0.0,0.0,39.0,39.0,1
34.0,6.0,32.0,15.0,9.0,2.0,3.0,0.0,4.0,1.0,0.0,0.0,39.0,39.0,0
11.0,4.0,672.0,2.0,7.0,4.0,14.0,1.0,4.0,1.0,0.0,0.0,49.0,39.0,0
17.0,4.0,512.0,5.0,3.0,2.0,14.0,0.0,4.0,1.0,0.0,0.0,39.0,39.0,0
32.0,4.0,471.0,5.0,3.0,2.0,3.0,0.0,4.0,1.0,0.0,0.0,39.0,39.0,0
4.0,4.0,1534.0,15.0,9.0,4.0,1.0,1.0,4.0,0.0,0.0,0.0,37.0,39.0,0
18.0,4.0,427.0,11.0,8.0,1.0,8.0,5.0,4.0,0.0,0.0,0.0,39.0,39.0,1
34.0,6.0,560.0,9.0,12.0,2.0,4.0,0.0,4.0,1.0,0.0,32.0,68.0,39.0,0
11.0,4.0,450.0,11.0,8.0,2.0,8.0,0.0,4.0,1.0,0.0,0.0,42.0,39.0,0
23.0,4.0,378.0,9.0,12.0,2.0,1.0,5.0,4.0,0.0,0.0,0.0,39.0,39.0,0
0.0,4.0,1346.0,5.0,3.0,4.0,12.0,3.0,4.0,1.0,0.0,0.0,7.0,39.0,0
1.0,4.0,1168.0,1.0,6.0,4.0,1.0,3.0,4.0,0.0,0.0,0.0,4.0,39.0,0
18.0,4.0,164.0,1.0,6.0,4.0,8.0,4.0,0.0,1.0,0.0,0.0,39.0,39.0,0
17.0,4.0,935.0,11.0,8.0,3.0,7.0,4.0,4.0,0.0,0.0,0.0,39.0,39.0,0
34.0,4.0,5814.0,9.0,12.0,0.0,4.0,1.0,4.0,1.0,0.0,83.0,49.0,39.0,1
13.0,4.0,13.0,15.0,9.0,0.0,13.0,3.0,4.0,0.0,0.0,0.0,39.0,39.0,0
6.0,4.0,2804.0,15.0,9.0,2.0,12.0,3.0,4.0,0.0,0.0,0.0,15.0,39.0,0
13.0,4.0,3237.0,15.0,9.0,2.0,10.0,5.0,1.0,0.0,0.0,0.0,4.0,39.0,1
46.0,4.0,412.0,5.0,3.0,2.0,12.0,0.0,4.0,1.0,0.0,0.0,39.0,39.0,0
14.0,6.0,615.0,12.0,13.0,4.0,10.0,1.0,4.0,1.0,0.0,0.0,44.0,9.0,0
5.0,4.0,1629.0,15.0,9.0,4.0,8.0,1.0,4.0,1.0,0.0,0.0,39.0,39.0,0
4.0,7.0,1852.0,15.0,9.0,4.0,13.0,3.0,4.0,1.0,0.0,0.0,9.0,39.0,0
35.0,4.0,6273.0,9.0,12.0,6.0,8.0,1.0,4.0,0.0,0.0,86.0,19.0,39.0,1
7.0,4.0,1074.0,15.0,9.0,2.0,7.0,5.0,3.0,0.0,0.0,0.0,39.0,33.0,0
13.0,4.0,224.0,1.0,6.0,2.0,3.0,0.0,4.0,1.0,0.0,0.0,44.0,39.0,0
5.0,4.0,1227.0,11.0,8.0,2.0,3.0,3.0,4.0,1.0,0.0,0.0,39.0,39.0,0
3.0,4.0,1836.0,15.0,9.0,4.0,8.0,3.0,4.0,1.0,0.0,0.0,19.0,39.0,0
26.0,4.0,830.0,15.0,9.0,5.0,10.0,4.0,4.0,0.0,0.0,0.0,39.0,39.0,0
29.0,7.0,226.0,10.0,15.0,2.0,10.0,0.0,4.0,1.0,94.0,0.0,44.0,39.0,1
1.0,4.0,895.0,2.0,7.0,4.0,12.0,3.0,4.0,0.0,0.0,0.0,19.0,39.0,0
6.0,0.0,597.0,7.0,11.0,2.0,0.0,0.0,4.0,1.0,0.0,0.0,19.0,39.0,0
8.0,4.0,832.0,15.0,9.0,3.0,12.0,4.0,4.0,0.0,0.0,0.0,39.0,39.0,0
0.0,4.0,2121.0,0.0,5.0,4.0,6.0,3.0,4.0,1.0,0.0,0.0,19.0,39.0,0
24.0,4.0,1121.0,11.0,8.0,2.0,3.0,0.0,4.0,1.0,0.0,53.0,59.0,39.0,0
53.0,6.0,867.0,9.0,12.0,2.0,10.0,0.0,4.0,1.0,111.0,0.0,34.0,39.0,1
42.0,1.0,89.0,11.0,8.0,2.0,12.0,5.0,4.0,0.0,0.0,0.0,39.0,39.0,1
1.0,4.0,949.0,0.0,5.0,4.0,7.0,3.0,4.0,1.0,0.0,0.0,39.0,39.0,0
34.0,6.0,560.0,2.0,7.0,2.0,8.0,0.0,4.0,1.0,0.0,0.0,93.0,39.0,0
44.0,6.0,890.0,11.0,8.0,2.0,5.0,0.0,4.0,1.0,0.0,73.0,49.0,39.0,0
56.0,6.0,1351.0,11.0,8.0,2.0,12.0,5.0,4.0,0.0,0.0,0.0,24.0,39.0,0
3.0,4.0,624.0,15.0,9.0,4.0,8.0,3.0,4.0,0.0,0.0,0.0,24.0,39.0,0
2.0,0.0,1407.0,15.0,9.0,4.0,0.0,3.0,4.0,0.0,0.0,0.0,39.0,39.0,0
33.0,4.0,36.0,15.0,9.0,0.0,8.0,4.0,1.0,1.0,0.0,0.0,39.0,30.0,0
23.0,4.0,197.0,9.0,12.0,2.0,1.0,0.0,4.0,1.0,0.0,0.0,39.0,39.0,1
63.0,6.0,195.0,5.0,3.0,4.0,5.0,4.0,4.0,1.0,0.0,0.0,19.0,39.0,0
28.0,4.0,177.0,15.0,9.0,2.0,1.0,5.0,4.0,0.0,0.0,47.0,34.0,39.0,1
51.0,4.0,1303.0,4.0,2.0,3.0,12.0,1.0,4.0,1.0,0.0,0.0,21.0,39.0,0
3.0,4.0,1078.0,11.0,8.0,4.0,8.0,1.0,4.0,1.0,0.0,0.0,7.0,39.0,0
20.0,1.0,7060.0,12.0,13.0,0.0,10.0,1.0,4.0,0.0,0.0,0.0,39.0,39.0,0
36.0,4.0,2483.0,11.0,8.0,2.0,12.0,0.0,4.0,1.0,108.0,0.0,59.0,39.0,1
2.0,4.0,2329.0,15.0,9.0,4.0,8.0,3.0,4.0,0.0,0.0,0.0,26.0,39.0,0
8.0,4.0,236.0,9.0,12.0,0.0,12.0,1.0,4.0,0.0,0.0,0.0,39.0,39.0,0
10.0,7.0,85.0,11.0,8.0,4.0,14.0,1.0,0.0,1.0,0.0,0.0,37.0,39.0,1
22.0,4.0,1233.0,11.0,8.0,2.0,4.0,0.0,4.0,1.0,91.0,0.0,39.0,39.0,1
6.0,2.0,76.0,11.0,8.0,4.0,10.0,1.0,4.0,0.0,0.0,0.0,39.0,39.0,0
12.0,4.0,478.0,15.0,9.0,4.0,5.0,3.0,4.0,1.0,0.0,0.0,39.0,39.0,0
56.0,2.0,1319.0,15.0,9.0,4.0,10.0,2.0,4.0,0.0,0.0,0.0,10.0,39.0,0
3.0,0.0,2851.0,15.0,9.0,4.0,0.0,3.0,1.0,0.0,0.0,0.0,14.0,39.0,0
44.0,4.0,823.0,15.0,9.0,2.0,8.0,0.0,4.0,1.0,0.0,0.0,5.0,39.0,0
8.0,4.0,2522.0,11.0,8.0,4.0,8.0,3.0,4.0,0.0,0.0,0.0,9.0,39.0,0
0.0,4.0,1637.0,1.0,6.0,4.0,8.0,3.0,4.0,0.0,0.0,0.0,11.0,39.0,0
18.0,4.0,1156.0,2.0,7.0,4.0,5.0,1.0,4.0,1.0,0.0,0.0,19.0,39.0,0
23.0,2.0,621.0,11.0,8.0,4.0,8.0,3.0,4.0,1.0,0.0,0.0,39.0,39.0,0
30.0,4.0,203.0,12.0,13.0,0.0,12.0,1.0,4.0,0.0,0.0,0.0,5.0,39.0,0
29.0,4.0,1297.0,14.0,14.0,0.0,10.0,1.0,4.0,1.0,0.0,86.0,39.0,39.0,1
19.0,0.0,888.0,15.0,9.0,4.0,0.0,4.0,4.0,0.0,0.0,0.0,24.0,39.0,0
5.0,0.0,94.0,15.0,9.0,4.0,0.0,3.0,4.0,1.0,0.0,0.0,69.0,39.0,0
17.0,4.0,118.0,11.0,8.0,6.0,1.0,4.0,4.0,1.0,0.0,0.0,14.0,39.0,0
33.0,4.0,3205.0,11.0,8.0,2.0,3.0,0.0,4.0,1.0,108.0,0.0,49.0,39.0,1
7.0,6.0,807.0,11.0,8.0,5.0,8.0,4.0,4.0,0.0,0.0,0.0,49.0,39.0,0
32.0,4.0,4010.0,12.0,13.0,2.0,10.0,5.0,4.0,0.0,0.0,50.0,39.0,39.0,1
33.0,4.0,3778.0,9.0,12.0,2.0,4.0,0.0,4.0,1.0,108.0,0.0,39.0,39.0,1
23.0,5.0,4772.0,7.0,11.0,2.0,3.0,0.0,4.0,1.0,0.0,74.0,49.0,39.0,0
1.0,4.0,1560.0,0.0,5.0,4.0,8.0,3.0,4.0,1.0,0.0,0.0,5.0,39.0,0
9.0,6.0,464.0,11.0,8.0,2.0,4.0,0.0,4.0,1.0,0.0,0.0,44.0,39.0,0
3.0,4.0,1064.0,15.0,9.0,4.0,3.0,3.0,4.0,1.0,0.0,0.0,39.0,39.0,0
2.0,4.0,1195.0,15.0,9.0,4.0,6.0,1.0,4.0,1.0,0.0,0.0,54.0,39.0,0
45.0,4.0,2819.0,15.0,9.0,0.0,1.0,1.0,4.0,1.0,0.0,49.0,39.0,39.0,0
0.0,0.0,687.0,0.0,5.0,4.0,0.0,3.0,4.0,1.0,0.0,0.0,19.0,39.0,0
5.0,0.0,1071.0,15.0,9.0,4.0,0.0,3.0,4.0,1.0,0.0,0.0,39.0,39.0,0
18.0,4.0,3097.0,14.0,14.0,2.0,10.0,0.0,4.0,1.0,94.0,0.0,49.0,39.0,1
22.0,4.0,110.0,9.0,12.0,2.0,10.0,0.0,4.0,1.0,0.0,0.0,39.0,39.0,1
3.0,4.0,1404.0,11.0,8.0,4.0,3.0,3.0,4.0,1.0,0.0,0.0,39.0,39.0,0
25.0,6.0,126.0,10.0,15.0,2.0,10.0,0.0,4.0,1.0,108.0,0.0,39.0,39.0,1
5.0,2.0,690.0,9.0,12.0,4.0,10.0,3.0,4.0,0.0,0.0,0.0,19.0,39.0,0
37.0,4.0,1010.0,6.0,4.0,5.0,3.0,4.0,4.0,1.0,0.0,0.0,39.0,39.0,0
9.0,4.0,3481.0,15.0,9.0,2.0,14.0,0.0,4.0,1.0,91.0,0.0,54.0,39.0,1
3.0,4.0,69.0,15.0,9.0,4.0,8.0,3.0,4.0,1.0,0.0,0.0,11.0,2.0,0
15.0,4.0,1760.0,15.0,9.0,4.0,10.0,3.0,4.0,0.0,0.0,0.0,39.0,39.0,0
2.0,4.0,1299.0,15.0,9.0,4.0,1.0,3.0,4.0,0.0,0.0,0.0,7.0,39.0,0
21.0,4.0,92.0,11.0,8.0,2.0,7.0,5.0,4.0,0.0,0.0,0.0,39.0,39.0,0
2.0,4.0,350.0,15.0,9.0,4.0,8.0,3.0,4.0,0.0,0.0,0.0,19.0,39.0,0
17.0,4.0,1641.0,11.0,8.0,4.0,14.0,4.0,2.0,1.0,0.0,0.0,29.0,39.0,0
8.0,4.0,4066.0,9.0,12.0,4.0,5.0,3.0,4.0,1.0,115.0,0.0,49.0,39.0,1
38.0,6.0,1659.0,14.0,14.0,2.0,10.0,5.0,4.0,0.0,0.0,0.0,9.0,39.0,0
30.0,2.0,375.0,12.0,13.0,2.0,4.0,0.0,2.0,1.0,0.0,50.0,49.0,39.0,1
24.0,4.0,958.0,11.0,8.0,2.0,12.0,0.0,4.0,1.0,0.0,47.0,39.0,39.0,1
36.0,4.0,58.0,11.0,8.0,2.0,3.0,0.0,4.0,1.0,0.0,0.0,39.0,39.0,0
21.0,4.0,3142.0,9.0,12.0,2.0,4.0,0.0,4.0,1.0,94.0,0.0,54.0,39.0,1
0.0,4.0,1885.0,0.0,5.0,4.0,8.0,3.0,4.0,1.0,0.0,0.0,29.0,39.0,0
24.0,6.0,180.0,11.0,8.0,0.0,3.0,1.0,4.0,1.0,0.0,0.0,39.0,39.0,0
23.0,7.0,713.0,11.0,8.0,2.0,3.0,0.0,4.0,1.0,0.0,0.0,39.0,39.0,0
18.0,4.0,416.0,9.0,12.0,2.0,12.0,0.0,4.0,1.0,0.0,0.0,44.0,39.0,1
28.0,4.0,3976.0,12.0,13.0,2.0,4.0,0.0,4.0,1.0,108.0,0.0,59.0,9.0,1
12.0,7.0,672.0,15.0,9.0,0.0,1.0,3.0,4.0,1.0,0.0,0.0,19.0,39.0,0
29.0,2.0,859.0,11.0,8.0,2.0,3.0,0.0,4.0,1.0,0.0,47.0,39.0,39.0,0
3.0,4.0,1070.0,11.0,8.0,4.0,6.0,3.0,4.0,1.0,0.0,0.0,39.0,39.0,0
6.0,7.0,1842.0,15.0,9.0,2.0,10.0,0.0,4.0,1.0,0.0,0.0,29.0,39.0,0
7.0,4.0,1606.0,11.0,8.0,2.0,1.0,5.0,2.0,0.0,0.0,0.0,39.0,39.0,0
5.0,4.0,2007.0,15.0,9.0,4.0,12.0,3.0,4.0,0.0,0.0,0.0,39.0,39.0,0
3.0,0.0,114.0,15.0,9.0,4.0,0.0,4.0,4.0,0.0,0.0,0.0,19.0,39.0,0
47.0,6.0,2204.0,11.0,8.0,2.0,5.0,0.0,4.0,1.0,91.0,0.0,44.0,39.0,1
22.0,4.0,4188.0,9.0,12.0,2.0,10.0,5.0,4.0,0.0,94.0,0.0,31.0,39.0,1
18.0,4.0,61.0,11.0,8.0,2.0,3.0,0.0,4.0,1.0,0.0,0.0,39.0,39.0,0
21.0,4.0,55.0,12.0,13.0,2.0,14.0,0.0,4.0,1.0,0.0,0.0,69.0,0.0,1
21.0,4.0,527.0,6.0,4.0,2.0,1.0,0.0,4.0,1.0,0.0,0.0,39.0,39.0,0
11.0,4.0,1602.0,11.0,8.0,4.0,3.0,1.0,4.0,1.0,0.0,0.0,34.0,39.0,0
2.0,6.0,445.0,0.0,5.0,3.0,1.0,4.0,0.0,0.0,0.0,0.0,39.0,39.0,0
30.0,4.0,5647.0,12.0,13.0,2.0,4.0,0.0,1.0,1.0,108.0,0.0,39.0,0.0,1
7.0,4.0,1613.0,9.0,12.0,4.0,10.0,3.0,4.0,0.0,0.0,0.0,19.0,39.0,0
35.0,1.0,362.0,2.0,7.0,4.0,8.0,4.0,2.0,0.0,0.0,0.0,39.0,39.0,0
1.0,4.0,2727.0,11.0,8.0,4.0,1.0,3.0,4.0,0.0,0.0,0.0,19.0,39.0,0
36.0,7.0,1514.0,10.0,15.0,2.0,10.0,0.0,4.0,1.0,94.0,0.0,49.0,39.0,1
9.0,6.0,722.0,8.0,10.0,4.0,5.0,3.0,4.0,1.0,0.0,0.0,64.0,39.0,0
45.0,2.0,640.0,11.0,8.0,6.0,8.0,1.0,4.0,0.0,0.0,0.0,39.0,2.0,0
49.0,4.0,56.0,1.0,6.0,2.0,3.0,0.0,4.0,1.0,0.0,0.0,19.0,39.0,0
7.0,7.0,264.0,15.0,9.0,2.0,8.0,0.0,1.0,1.0,0.0,0.0,23.0,0.0,0
1.0,4.0,1958.0,11.0,8.0,4.0,9.0,2.0,4.0,0.0,0.0,0.0,9.0,39.0,0
4.0,4.0,1913.0,15.0,9.0,4.0,8.0,3.0,4.0,0.0,0.0,0.0,29.0,39.0,0
13.0,4.0,6317.0,9.0,12.0,2.0,10.0,0.0,4.0,1.0,118.0,0.0,34.0,39.0,1
2.0,4.0,2450.0,15.0,9.0,4.0,8.0,1.0,4.0,1.0,0.0,0.0,19.0,39.0,0
34.0,6.0,163.0,11.0,8.0,2.0,5.0,0.0,4.0,1.0,0.0,0.0,59.0,39.0,0
14.0,4.0,259.0,11.0,8.0,4.0,8.0,4.0,4.0,0.0,0.0,0.0,7.0,39.0,0
4.0,4.0,744.0,11.0,8.0,5.0,8.0,3.0,4.0,0.0,0.0,0.0,34.0,39.0,0
33.0,5.0,9950.0,14.0,14.0,2.0,10.0,0.0,4.0,1.0,0.0,0.0,44.0,39.0,1
5.0,4.0,1162.0,15.0,9.0,4.0,14.0,3.0,4.0,1.0,0.0,0.0,24.0,39.0,0
7.0,4.0,337.0,15.0,9.0,4.0,8.0,3.0,4.0,0.0,0.0,0.0,39.0,0.0,0
12.0,0.0,2717.0,0.0,5.0,5.0,0.0,4.0,4.0,0.0,0.0,0.0,11.0,39.0,0
18.0,7.0,1490.0,15.0,9.0,4.0,1.0,3.0,4.0,0.0,0.0,0.0,37.0,39.0,0
18.0,4.0,49.0,15.0,9.0,2.0,10.0,0.0,0.0,1.0,0.0,0.0,59.0,39.0,0
18.0,2.0,251.0,11.0,8.0,2.0,8.0,0.0,0.0,1.0,0.0,0.0,39.0,39.0,0
9.0,4.0,473.0,11.0,8.0,2.0,1.0,5.0,4.0,0.0,0.0,0.0,39.0,39.0,1
13.0,4.0,870.0,11.0,8.0,4.0,1.0,4.0,4.0,0.0,0.0,0.0,23.0,39.0,0
17.0,4.0,108.0,8.0,10.0,2.0,3.0,0.0,4.0,1.0,94.0,0.0,39.0,39.0,1
18.0,4.0,2272.0,15.0,9.0,2.0,3.0,0.0,4.0,1.0,0.0,55.0,44.0,39.0,0
5.0,4.0,739.0,11.0,8.0,4.0,5.0,1.0,4.0,1.0,0.0,0.0,24.0,39.0,0
9.0,4.0,837.0,11.0,8.0,2.0,12.0,0.0,4.0,1.0,0.0,0.0,39.0,39.0,0
19.0,6.0,24.0,11.0,8.0,2.0,12.0,5.0,4.0,0.0,94.0,0.0,39.0,39.0,1
22.0,4.0,301.0,11.0,8.0,4.0,6.0,3.0,4.0,1.0,0.0,0.0,47.0,39.0,0
7.0,4.0,106.0,11.0,8.0,4.0,3.0,1.0,4.0,1.0,0.0,23.0,39.0,39.0,0
1.0,4.0,161.0,1.0,6.0,4.0,10.0,3.0,4.0,1.0,0.0,0.0,14.0,39.0,0
20.0,4.0,198.0,11.0,8.0,0.0,4.0,4.0,4.0,0.0,0.0,0.0,11.0,39.0,0
7.0,4.0,373.0,15.0,9.0,4.0,10.0,3.0,4.0,0.0,0.0,0.0,39.0,39.0,0
3.0,0.0,2434.0,15.0,9.0,4.0,0.0,3.0,4.0,0.0,0.0,0.0,17.0,39.0,0
30.0,4.0,1608.0,14.0,14.0,2.0,10.0,5.0,4.0,0.0,0.0,47.0,59.0,16.0,1
10.0,4.0,1858.0,11.0,8.0,2.0,6.0,0.0,0.0,1.0,0.0,0.0,7.0,39.0,0
1.0,4.0,2026.0,0.0,5.0,4.0,8.0,3.0,4.0,0.0,0.0,0.0,29.0,39.0,0
28.0,4.0,229.0,11.0,8.0,0.0,12.0,1.0,4.0,0.0,0.0,0.0,39.0,39.0,0
1.0,6.0,1095.0,11.0,8.0,4.0,5.0,2.0,4.0,1.0,0.0,0.0,39.0,39.0,0
23.0,4.0,19.0,15.0,9.0,0.0,6.0,1.0,0.0,0.0,0.0,0.0,79.0,39.0,0
5.0,7.0,69.0,15.0,9.0,3.0,13.0,4.0,4.0,1.0,0.0,0.0,19.0,39.0,0
3.0,0.0,3079.0,15.0,9.0,4.0,0.0,3.0,4.0,0.0,0.0,0.0,9.0,39.0,0
9.0,2.0,258.0,9.0,12.0,4.0,11.0,1.0,4.0,1.0,0.0,0.0,39.0,39.0,0
5.0,4.0,373.0,15.0,9.0,4.0,14.0,3.0,4.0,0.0,0.0,0.0,29.0,39.0,0
8.0,4.0,147.0,8.0,10.0,4.0,8.0,4.0,0.0,0.0,0.0,0.0,39.0,39.0,0
9.0,4.0,1520.0,15.0,9.0,4.0,12.0,1.0,4.0,0.0,0.0,0.0,39.0,39.0,0
55.0,4.0,988.0,11.0,8.0,6.0,8.0,4.0,4.0,0.0,0.0,0.0,15.0,39.0,0
14.0,4.0,5.0,9.0,12.0,2.0,10.0,0.0,4.0,1.0,0.0,0.0,39.0,39.0,1
1.0,4.0,2092.0,1.0,6.0,4.0,8.0,3.0,4.0,1.0,0.0,0.0,15.0,39.0,0
1.0,4.0,161.0,11.0,8.0,4.0,8.0,1.0,4.0,1.0,0.0,0.0,24.0,39.0,0
46.0,0.0,2913.0,9.0,12.0,2.0,0.0,0.0,4.0,1.0,0.0,62.0,44.0,39.0,0
33.0,4.0,3535.0,11.0,8.0,2.0,1.0,0.0,4.0,1.0,91.0,0.0,44.0,39.0,1
0.0,4.0,237.0,1.0,6.0,4.0,6.0,3.0,0.0,1.0,0.0,0.0,19.0,39.0,0
3.0,0.0,373.0,15.0,9.0,4.0,0.0,3.0,4.0,0.0,0.0,0.0,39.0,39.0,0
25.0,7.0,107.0,15.0,9.0,0.0,14.0,4.0,4.0,1.0,0.0,0.0,37.0,39.0,0
18.0,6.0,460.0,15.0,9.0,5.0,5.0,1.0,4.0,1.0,67.0,0.0,59.0,39.0,0
5.0,4.0,3895.0,9.0,12.0,4.0,3.0,1.0,4.0,1.0,104.0,0.0,54.0,39.0,1
32.0,4.0,2169.0,12.0,13.0,2.0,4.0,0.0,4.0,1.0,108.0,0.0,49.0,39.0,1
29.0,0.0,946.0,11.0,8.0,0.0,0.0,1.0,4.0,0.0,0.0,0.0,14.0,39.0,0
11.0,4.0,964.0,11.0,8.0,4.0,8.0,1.0,2.0,0.0,0.0,0.0,47.0,39.0,0
0.0,2.0,1072.0,0.0,5.0,4.0,8.0,3.0,4.0,0.0,0.0,0.0,24.0,39.0,0
6.0,4.0,601.0,15.0,9.0,4.0,12.0,1.0,4.0,1.0,0.0,0.0,39.0,39.0,0
25.0,6.0,390.0,9.0,12.0,2.0,12.0,0.0,4.0,1.0,0.0,0.0,47.0,39.0,0
30.0,4.0,1325.0,11.0,8.0,4.0,1.0,4.0,4.0,0.0,0.0,0.0,39.0,39.0,0
26.0,5.0,2064.0,14.0,14.0,2.0,4.0,0.0,4.0,1.0,118.0,0.0,39.0,39.0,1
0.0,4.0,1871.0,2.0,7.0,4.0,12.0,3.0,4.0,0.0,0.0,0.0,17.0,39.0,0
10.0,4.0,912.0,6.0,4.0,4.0,8.0,3.0,4.0,1.0,0.0,0.0,29.0,39.0,0
19.0,4.0,367.0,11.0,8.0,2.0,12.0,0.0,4.0,1.0,94.0,0.0,39.0,39.0,1
38.0,4.0,2046.0,11.0,8.0,2.0,1.0,0.0,4.0,1.0,85.0,0.0,49.0,39.0,1
5.0,4.0,3260.0,15.0,9.0,4.0,8.0,3.0,4.0,0.0,0.0,0.0,10.0,39.0,0
17.0,6.0,300.0,11.0,8.0,0.0,4.0,1.0,4.0,1.0,0.0,0.0,59.0,39.0,1
3.0,4.0,1071.0,15.0,9.0,4.0,8.0,3.0,4.0,1.0,0.0,33.0,35.0,39.0,0
59.0,1.0,145.0,12.0,13.0,6.0,10.0,1.0,4.0,0.0,0.0,0.0,14.0,39.0,0
7.0,4.0,1277.0,11.0,8.0,4.0,6.0,2.0,4.0,1.0,0.0,0.0,39.0,39.0,0
32.0,1.0,803.0,11.0,8.0,6.0,4.0,1.0,4.0,0.0,0.0,0.0,19.0,39.0,0
4.0,4.0,1902.0,11.0,8.0,4.0,8.0,1.0,4.0,0.0,0.0,0.0,29.0,39.0,0
36.0,4.0,50.0,15.0,9.0,2.0,3.0,0.0,4.0,1.0,0.0,0.0,39.0,39.0,0
8.0,0.0,1373.0,9.0,12.0,4.0,0.0,3.0,4.0,1.0,0.0,0.0,19.0,39.0,0
43.0,4.0,4134.0,11.0,8.0,2.0,3.0,0.0,4.0,1.0,108.0,0.0,39.0,39.0,1
22.0,4.0,301.0,11.0,8.0,0.0,8.0,1.0,4.0,1.0,0.0,0.0,39.0,39.0,0
7.0,6.0,599.0,11.0,8.0,4.0,12.0,1.0,4.0,1.0,0.0,0.0,39.0,39.0,0
18.0,4.0,19921.0,9.0,12.0,2.0,10.0,5.0,4.0,0.0,91.0,0.0,7.0,0.0,1
23.0,6.0,632.0,14.0,14.0,0.0,8.0,1.0,4.0,0.0,0.0,72.0,34.0,39.0,0
13.0,4.0,87.0,5.0,3.0,5.0,6.0,1.0,4.0,1.0,0.0,0.0,39.0,39.0,0
28.0,4.0,3202.0,11.0,8.0,0.0,3.0,1.0,1.0,1.0,100.0,0.0,39.0,39.0,1
3.0,4.0,1152.0,15.0,9.0,4.0,8.0,3.0,4.0,1.0,0.0,0.0,59.0,39.0,0
43.0,4.0,261.0,5.0,3.0,0.0,8.0,1.0,4.0,1.0,0.0,0.0,39.0,39.0,0
24.0,4.0,891.0,15.0,9.0,0.0,4.0,1.0,4.0,1.0,71.0,0.0,39.0,39.0,0
4.0,7.0,1127.0,15.0,9.0,4.0,10.0,3.0,4.0,0.0,0.0,0.0,19.0,39.0,0
6.0,4.0,253.0,15.0,9.0,2.0,14.0,0.0,4.0,1.0,0.0,0.0,23.0,39.0,0
12.0,4.0,764.0,11.0,8.0,4.0,4.0,1.0,4.0,1.0,0.0,0.0,39.0,39.0,0
10.0,6.0,926.0,7.0,11.0,2.0,14.0,0.0,4.0,1.0,94.0,0.0,68.0,39.0,1
15.0,4.0,413.0,15.0,9.0,0.0,4.0,4.0,4.0,0.0,0.0,0.0,29.0,39.0,0
2.0,6.0,1306.0,15.0,9.0,4.0,12.0,3.0,4.0,0.0,0.0,0.0,15.0,39.0,0
1.0,4.0,1110.0,1.0,6.0,4.0,6.0,3.0,4.0,1.0,0.0,0.0,14.0,39.0,0
33.0,4.0,83.0,15.0,9.0,2.0,1.0,2.0,4.0,0.0,0.0,0.0,34.0,39.0,1
3.0,7.0,940.0,15.0,9.0,4.0,1.0,3.0,4.0,0.0,0.0,0.0,39.0,39.0,0
11.0,2.0,660.0,12.0,13.0,2.0,10.0,5.0,4.0,0.0,91.0,0.0,39.0,39.0,1
25.0,4.0,184.0,8.0,10.0,4.0,1.0,1.0,4.0,0.0,0.0,0.0,59.0,39.0,0
12.0,4.0,380.0,11.0,8.0,0.0,12.0,1.0,0.0,0.0,0.0,0.0,49.0,39.0,0
3.0,4.0,1250.0,15.0,9.0,4.0,10.0,3.0,4.0,1.0,0.0,0.0,24.0,39.0,0
3.0,4.0,1193.0,15.0,9.0,4.0,5.0,1.0,4.0,1.0,0.0,0.0,69.0,39.0,0
19.0,6.0,863.0,11.0,8.0,2.0,5.0,0.0,4.0,1.0,0.0,50.0,64.0,39.0,1
0.0,0.0,1394.0,1.0,6.0,4.0,0.0,3.0,4.0,1.0,0.0,0.0,9.0,39.0,0
7.0,4.0,599.0,15.0,9.0,4.0,5.0,3.0,4.0,1.0,0.0,0.0,49.0,39.0,0
65.0,0.0,1661.0,15.0,9.0,6.0,0.0,1.0,0.0,1.0,0.0,0.0,2.0,39.0,0
19.0,4.0,2272.0,11.0,8.0,2.0,3.0,0.0,4.0,1.0,77.0,0.0,39.0,22.0,0
2.0,4.0,1153.0,15.0,9.0,4.0,4.0,3.0,4.0,0.0,0.0,0.0,39.0,39.0,0
18.0,4.0,1090.0,11.0,8.0,4.0,8.0,3.0,4.0,1.0,0.0,0.0,29.0,39.0,0
3.0,4.0,2295.0,15.0,9.0,4.0,1.0,3.0,4.0,0.0,0.0,0.0,11.0,39.0,0
20.0,6.0,2318.0,11.0,8.0,2.0,3.0,0.0,4.0,1.0,0.0,58.0,39.0,39.0,0
40.0,6.0,1845.0,11.0,8.0,2.0,4.0,0.0,4.0,1.0,0.0,0.0,0.0,39.0,0
5.0,4.0,1978.0,11.0,8.0,4.0,8.0,3.0,4.0,0.0,0.0,0.0,39.0,39.0,0
8.0,4.0,1260.0,11.0,8.0,4.0,6.0,1.0,4.0,1.0,0.0,0.0,34.0,39.0,0
4.0,4.0,1311.0,15.0,9.0,4.0,8.0,3.0,4.0,0.0,0.0,0.0,39.0,39.0,0
20.0,4.0,733.0,3.0,1.0,4.0,8.0,1.0,4.0,1.0,0.0,0.0,39.0,39.0,0
13.0,4.0,1447.0,7.0,11.0,2.0,10.0,0.0,4.0,1.0,0.0,53.0,39.0,39.0,0
10.0,6.0,408.0,11.0,8.0,4.0,5.0,3.0,4.0,1.0,0.0,0.0,76.0,39.0,0
1.0,7.0,1964.0,1.0,6.0,4.0,1.0,3.0,4.0,0.0,0.0,0.0,4.0,39.0,0
4.0,4.0,2369.0,15.0,9.0,4.0,8.0,3.0,4.0,1.0,0.0,0.0,29.0,39.0,0
15.0,4.0,3563.0,1.0,6.0,4.0,3.0,1.0,0.0,1.0,104.0,0.0,59.0,39.0,1
0.0,4.0,2180.0,1.0,6.0,4.0,12.0,3.0,4.0,0.0,0.0,0.0,11.0,39.0,0
39.0,4.0,306.0,1.0,6.0,5.0,7.0,1.0,4.0,0.0,0.0,0.0,39.0,39.0,0
33.0,4.0,4055.0,9.0,12.0,2.0,4.0,5.0,4.0,0.0,0.0,76.0,19.0,39.0,1
27.0,4.0,1185.0,11.0,8.0,4.0,1.0,2.0,4.0,0.0,0.0,0.0,29.0,39.0,0
57.0,0.0,383.0,11.0,8.0,6.0,0.0,1.0,4.0,0.0,0.0,0.0,9.0,39.0,0
23.0,7.0,1518.0,12.0,13.0,0.0,10.0,4.0,4.0,0.0,0.0,0.0,19.0,39.0,0
52.0,0.0,279.0,11.0,8.0,2.0,0.0,0.0,4.0,1.0,0.0,0.0,59.0,39.0,1
6.0,2.0,1083.0,15.0,9.0,0.0,1.0,4.0,4.0,0.0,0.0,0.0,68.0,39.0,0
28.0,4.0,190.0,11.0,8.0,2.0,5.0,0.0,0.0,1.0,0.0,0.0,39.0,39.0,0
0.0,4.0,2496.0,1.0,6.0,4.0,12.0,3.0,4.0,1.0,0.0,0.0,19.0,39.0,0
0.0,0.0,1150.0,1.0,6.0,4.0,0.0,3.0,4.0,0.0,0.0,0.0,14.0,39.0,0
34.0,6.0,1345.0,15.0,9.0,2.0,10.0,5.0,4.0,0.0,0.0,0.0,39.0,39.0,1
1.0,4.0,1034.0,1.0,6.0,4.0,8.0,3.0,4.0,1.0,0.0,0.0,39.0,39.0,0
19.0,6.0,216.0,11.0,8.0,5.0,8.0,4.0,4.0,0.0,0.0,0.0,39.0,39.0,0
3.0,4.0,1480.0,15.0,9.0,4.0,10.0,1.0,4.0,1.0,0.0,0.0,34.0,39.0,0
17.0,7.0,700.0,12.0,13.0,2.0,10.0,0.0,4.0,1.0,94.0,0.0,37.0,39.0,1
12.0,6.0,360.0,11.0,8.0,4.0,5.0,3.0,4.0,1.0,0.0,0.0,64.0,39.0,0
6.0,4.0,2469.0,11.0,8.0,4.0,3.0,3.0,1.0,1.0,0.0,0.0,0.0,40.0,0
20.0,4.0,481.0,15.0,9.0,2.0,3.0,0.0,4.0,1.0,0.0,0.0,39.0,39.0,0
55.0,0.0,654.0,15.0,9.0,2.0,0.0,0.0,4.0,1.0,98.0,0.0,29.0,39.0,1
3.0,4.0,860.0,7.0,11.0,4.0,1.0,1.0,4.0,0.0,0.0,0.0,39.0,39.0,0
39.0,6.0,1556.0,12.0,13.0,0.0,12.0,1.0,4.0,1.0,0.0,45.0,59.0,39.0,0
46.0,4.0,955.0,0.0,5.0,6.0,8.0,1.0,4.0,0.0,0.0,0.0,30.0,39.0,0
6.0,4.0,1086.0,15.0,9.0,2.0,6.0,0.0,4.0,1.0,0.0,0.0,39.0,39.0,0
2.0,2.0,1677.0,11.0,8.0,4.0,1.0,3.0,2.0,0.0,0.0,0.0,39.0,39.0,0
22.0,7.0,1801.0,11.0,8.0,2.0,1.0,5.0,4.0,0.0,0.0,0.0,39.0,39.0,0
41.0,4.0,1131.0,11.0,8.0,6.0,1.0,4.0,0.0,1.0,0.0,0.0,39.0,39.0,0
25.0,6.0,573.0,14.0,14.0,0.0,10.0,4.0,4.0,1.0,92.0,0.0,39.0,39.0,1
12.0,4.0,391.0,11.0,8.0,2.0,3.0,0.0,4.0,1.0,0.0,0.0,39.0,39.0,0
9.0,4.0,1810.0,11.0,8.0,4.0,1.0,4.0,2.0,0.0,0.0,0.0,29.0,39.0,0
48.0,6.0,68.0,5.0,3.0,2.0,5.0,0.0,4.0,1.0,0.0,0.0,39.0,39.0,0
21.0,4.0,48.0,8.0,10.0,4.0,10.0,1.0,4.0,0.0,0.0,0.0,38.0,39.0,0
12.0,5.0,514.0,11.0,8.0,5.0,10.0,2.0,4.0,1.0,0.0,0.0,24.0,39.0,0
5.0,5.0,1108.0,15.0,9.0,2.0,3.0,0.0,4.0,1.0,0.0,0.0,39.0,39.0,0
11.0,4.0,516.0,11.0,8.0,4.0,6.0,2.0,4.0,1.0,0.0,0.0,59.0,39.0,0
41.0,6.0,3435.0,11.0,8.0,2.0,4.0,0.0,4.0,1.0,108.0,0.0,59.0,39.0,1
11.0,0.0,407.0,15.0,9.0,4.0,0.0,4.0,4.0,0.0,0.0,0.0,39.0,39.0,0
28.0,4.0,4049.0,12.0,13.0,2.0,4.0,0.0,4.0,1.0,108.0,0.0,59.0,39.0,1
5.0,4.0,1516.0,15.0,9.0,4.0,1.0,1.0,4.0,0.0,0.0,0.0,34.0,39.0,0
11.0,4.0,2162.0,15.0,9.0,4.0,8.0,3.0,4.0,0.0,0.0,0.0,29.0,39.0,0
6.0,0.0,237.0,1.0,6.0,4.0,0.0,3.0,0.0,1.0,0.0,0.0,39.0,39.0,0
5.0,4.0,1439.0,15.0,9.0,4.0,13.0,3.0,4.0,1.0,0.0,0.0,39.0,39.0,0
6.0,4.0,979.0,11.0,8.0,4.0,8.0,3.0,4.0,0.0,0.0,0.0,39.0,39.0,0
7.0,4.0,744.0,11.0,8.0,4.0,7.0,4.0,4.0,0.0,0.0,0.0,39.0,39.0,0
17.0,5.0,318.0,8.0,10.0,0.0,12.0,4.0,4.0,0.0,0.0,0.0,39.0,39.0,0
48.0,8.0,210.0,5.0,3.0,6.0,5.0,4.0,4.0,0.0,0.0,0.0,49.0,39.0,0
38.0,2.0,3791.0,11.0,8.0,2.0,10.0,2.0,4.0,0.0,0.0,68.0,39.0,39.0,1
6.0,4.0,1031.0,11.0,8.0,2.0,12.0,0.0,4.0,1.0,0.0,0.0,39.0,39.0,0
33.0,4.0,1237.0,10.0,15.0,2.0,10.0,0.0,4.0,1.0,108.0,0.0,49.0,39.0,1
9.0,4.0,292.0,8.0,10.0,4.0,8.0,1.0,4.0,0.0,0.0,0.0,39.0,39.0,0
17.0,7.0,3716.0,9.0,12.0,2.0,4.0,0.0,4.0,1.0,94.0,0.0,44.0,0.0,1
5.0,2.0,1038.0,15.0,9.0,4.0,10.0,3.0,4.0,0.0,3.0,0.0,24.0,39.0,0
28.0,6.0,490.0,9.0,12.0,2.0,12.0,0.0,4.0,1.0,42.0,0.0,59.0,39.0,0
4.0,7.0,94.0,15.0,9.0,4.0,3.0,3.0,4.0,1.0,0.0,0.0,34.0,39.0,0
11.0,4.0,1313.0,15.0,9.0,4.0,9.0,1.0,4.0,0.0,0.0,0.0,39.0,39.0,0
10.0,4.0,1939.0,8.0,10.0,5.0,1.0,4.0,4.0,0.0,0.0,0.0,39.0,39.0,0
47.0,4.0,2024.0,11.0,8.0,6.0,12.0,1.0,4.0,0.0,97.0,0.0,49.0,10.0,1
3.0,4.0,740.0,11.0,8.0,4.0,8.0,1.0,4.0,0.0,0.0,0.0,19.0,39.0,0
25.0,4.0,33.0,11.0,8.0,0.0,3.0,1.0,4.0,1.0,0.0,0.0,72.0,39.0,1
19.0,4.0,685.0,8.0,10.0,4.0,1.0,1.0,4.0,1.0,0.0,0.0,41.0,39.0,1
41.0,1.0,2473.0,1.0,6.0,0.0,3.0,1.0,2.0,0.0,105.0,0.0,39.0,39.0,1
1.0,4.0,3226.0,11.0,8.0,4.0,13.0,3.0,4.0,0.0,0.0,0.0,9.0,39.0,0
23.0,1.0,2573.0,9.0,12.0,2.0,10.0,0.0,4.0,1.0,94.0,0.0,65.0,39.0,1
32.0,4.0,2986.0,15.0,9.0,2.0,12.0,0.0,4.0,1.0,94.0,0.0,39.0,39.0,1
10.0,4.0,1036.0,11.0,8.0,2.0,3.0,0.0,4.0,1.0,0.0,0.0,39.0,39.0,0
12.0,4.0,1053.0,9.0,12.0,2.0,8.0,0.0,4.0,1.0,91.0,0.0,41.0,39.0,1
5.0,4.0,5558.0,7.0,11.0,4.0,6.0,1.0,2.0,1.0,0.0,86.0,39.0,0.0,1
2.0,4.0,1022.0,11.0,8.0,4.0,8.0,1.0,4.0,1.0,0.0,0.0,29.0,39.0,0
4.0,4.0,674.0,11.0,8.0,4.0,1.0,4.0,4.0,0.0,0.0,0.0,39.0,39.0,0
29.0,7.0,405.0,15.0,9.0,2.0,4.0,0.0,4.0,1.0,94.0,0.0,37.0,39.0,1
20.0,1.0,3416.0,15.0,9.0,2.0,1.0,0.0,4.0,1.0,94.0,0.0,39.0,39.0,1
20.0,4.0,327.0,8.0,10.0,4.0,8.0,1.0,4.0,1.0,0.0,0.0,39.0,39.0,0
24.0,0.0,326.0,15.0,9.0,6.0,0.0,1.0,4.0,0.0,0.0,0.0,19.0,39.0,0
15.0,4.0,388.0,11.0,8.0,2.0,7.0,0.0,4.0,1.0,79.0,0.0,39.0,39.0,1
47.0,0.0,376.0,11.0,8.0,2.0,0.0,0.0,4.0,1.0,0.0,0.0,4.0,39.0,0
4.0,7.0,1038.0,15.0,9.0,4.0,13.0,1.0,4.0,0.0,0.0,0.0,49.0,39.0,0
18.0,4.0,472.0,11.0,8.0,2.0,4.0,0.0,4.0,1.0,0.0,0.0,39.0,39.0,0
3.0,4.0,2010.0,15.0,9.0,4.0,12.0,3.0,4.0,0.0,0.0,0.0,27.0,39.0,0
29.0,4.0,281.0,15.0,9.0,2.0,14.0,0.0,4.0,1.0,0.0,0.0,57.0,39.0,0
4.0,4.0,1910.0,11.0,8.0,4.0,11.0,3.0,4.0,1.0,0.0,0.0,39.0,39.0,0
11.0,4.0,400.0,9.0,12.0,2.0,12.0,0.0,4.0,1.0,0.0,0.0,49.0,39.0,0
44.0,4.0,283.0,11.0,8.0,0.0,5.0,1.0,4.0,0.0,0.0,0.0,78.0,39.0,0
7.0,0.0,636.0,15.0,9.0,4.0,0.0,3.0,4.0,1.0,0.0,0.0,19.0,39.0,0
24.0,4.0,1720.0,9.0,12.0,0.0,12.0,1.0,4.0,1.0,0.0,51.0,55.0,39.0,0
3.0,4.0,963.0,11.0,8.0,4.0,8.0,3.0,4.0,1.0,0.0,0.0,49.0,39.0,0
13.0,4.0,415.0,11.0,8.0,4.0,7.0,1.0,4.0,0.0,0.0,0.0,39.0,39.0,0
26.0,7.0,126.0,12.0,13.0,2.0,10.0,0.0,4.0,1.0,0.0,46.0,44.0,39.0,1
29.0,4.0,670.0,15.0,9.0,2.0,10.0,0.0,4.0,1.0,0.0,0.0,9.0,39.0,0
4.0,4.0,1880.0,11.0,8.0,4.0,3.0,3.0,4.0,1.0,0.0,0.0,39.0,39.0,0
24.0,0.0,223.0,8.0,10.0,2.0,0.0,0.0,4.0,1.0,0.0,76.0,11.0,39.0,1
22.0,4.0,3142.0,12.0,13.0,4.0,10.0,1.0,4.0,1.0,90.0,0.0,39.0,39.0,0
18.0,0.0,832.0,15.0,9.0,4.0,0.0,3.0,4.0,0.0,0.0,0.0,39.0,39.0,0
63.0,0.0,320.0,14.0,14.0,2.0,0.0,0.0,4.0,1.0,102.0,0.0,9.0,39.0,1
4.0,4.0,1542.0,11.0,8.0,4.0,5.0,1.0,4.0,1.0,0.0,0.0,39.0,39.0,0
17.0,4.0,13.0,11.0,8.0,0.0,1.0,4.0,4.0,0.0,0.0,0.0,39.0,39.0,0
15.0,4.0,339.0,15.0,9.0,4.0,6.0,3.0,4.0,1.0,0.0,0.0,39.0,39.0,0
43.0,4.0,188.0,15.0,9.0,2.0,3.0,0.0,4.0,1.0,0.0,0.0,39.0,39.0,0
57.0,7.0,3183.0,10.0,15.0,4.0,10.0,2.0,4.0,0.0,0.0,88.0,19.0,39.0,1
0.0,4.0,1733.0,1.0,6.0,4.0,1.0,3.0,4.0,0.0,0.0,0.0,19.0,39.0,0
8.0,4.0,143.0,15.0,9.0,4.0,1.0,1.0,4.0,0.0,0.0,0.0,39.0,39.0,0
42.0,4.0,113.0,11.0,8.0,6.0,9.0,1.0,4.0,0.0,0.0,0.0,39.0,39.0,0
37.0,4.0,882.0,11.0,8.0,2.0,12.0,0.0,4.0,1.0,108.0,0.0,49.0,39.0,1
10.0,4.0,45.0,15.0,9.0,4.0,3.0,1.0,2.0,1.0,0.0,0.0,39.0,39.0,0
29.0,4.0,1203.0,12.0,13.0,2.0,10.0,5.0,4.0,0.0,0.0,0.0,21.0,39.0,1
5.0,4.0,1587.0,9.0,12.0,4.0,12.0,1.0,4.0,0.0,0.0,0.0,15.0,39.0,0
16.0,6.0,974.0,11.0,8.0,4.0,5.0,3.0,4.0,1.0,0.0,0.0,68.0,39.0,0
30.0,4.0,208.0,15.0,9.0,0.0,1.0,1.0,4.0,0.0,0.0,0.0,34.0,39.0,0
26.0,1.0,15.0,15.0,9.0,6.0,4.0,4.0,0.0,0.0,0.0,0.0,14.0,39.0,0
19.0,4.0,424.0,15.0,9.0,0.0,10.0,4.0,4.0,0.0,0.0,0.0,44.0,39.0,0
10.0,4.0,783.0,15.0,9.0,2.0,6.0,0.0,4.0,1.0,0.0,0.0,39.0,39.0,1
43.0,4.0,849.0,5.0,3.0,3.0,7.0,1.0,4.0,1.0,0.0,0.0,39.0,39.0,0
2.0,4.0,2123.0,15.0,9.0,4.0,1.0,1.0,4.0,0.0,0.0,0.0,17.0,39.0,0
26.0,4.0,1932.0,10.0,15.0,2.0,10.0,0.0,4.0,1.0,118.0,0.0,54.0,39.0,1
28.0,4.0,420.0,9.0,12.0,2.0,4.0,0.0,4.0,1.0,108.0,0.0,39.0,39.0,1
17.0,4.0,146.0,9.0,12.0,3.0,7.0,1.0,1.0,1.0,0.0,72.0,39.0,0.0,0
0.0,4.0,270.0,6.0,4.0,4.0,8.0,3.0,4.0,1.0,0.0,0.0,15.0,39.0,0
